name,datetime,tempmax,tempmin,temp,feelslikemax,feelslikemin,feelslike,dew,humidity,precip,precipprob,precipcover,preciptype,snow,snowdepth,windgust,windspeed,winddir,sealevelpressure,cloudcover,visibility,solarradiation,solarenergy,uvindex,severerisk,sunrise,sunset,moonphase,conditions,description,icon,stations
Polonnaruwa,2017-05-01,35.8,25.4,29.6,39.1,25.4,32.7,23.2,70.5,6.974,100,4.17,rain,0,0,23.8,12.2,110.8,1009.8,53,19.9,272.2,23.5,10,,2017-05-01T05:50:57,2017-05-01T18:15:15,0.17,"Rain, Partially cloudy",Partly cloudy throughout the day with late afternoon rain.,rain,"43421099999,43444099999,43422099999,remote,43418099999,43436099999"
Polonnaruwa,2017-05-02,35.4,24.5,29.4,39.1,24.5,32.3,23.1,71,18.024,100,16.67,rain,0,0,22.3,13,111.7,1010.7,33.4,20,282.3,24.5,10,,2017-05-02T05:50:39,2017-05-02T18:15:20,0.2,"Rain, Partially cloudy",Partly cloudy throughout the day with rain.,rain,"43421099999,43444099999,43422099999,remote,43418099999,43436099999"
Polonnaruwa,2017-05-03,35.2,24.7,29.4,38.1,24.7,32.1,22.7,69.3,0.106,100,4.17,rain,0,0,23.8,12.6,100.4,1010.6,72.5,19.3,283.2,24.5,9,,2017-05-03T05:50:22,2017-05-03T18:15:24,0.25,"Rain, Partially cloudy",Partly cloudy throughout the day with morning rain.,rain,"43421099999,43444099999,43422099999,remote,43418099999,43436099999"
Polonnaruwa,2017-05-04,36.3,25.4,30.1,41.3,25.4,34,23.7,70.3,1.587,100,4.17,rain,0,0,22.3,8.6,92.8,1010.4,33.8,19.7,288.8,25,10,,2017-05-04T05:50:05,2017-05-04T18:15:29,0.27,"Rain, Partially cloudy",Partly cloudy throughout the day with afternoon rain.,rain,"43421099999,43444099999,43422099999,remote,43418099999,43436099999"
Polonnaruwa,2017-05-05,37.5,25.6,30.1,42.1,25.6,34.3,23.9,71.3,0.157,100,12.5,rain,0,0,29.9,10.1,118.6,1010.3,54.2,19.9,289.2,24.9,10,,2017-05-05T05:49:50,2017-05-05T18:15:35,0.3,"Rain, Partially cloudy",Partly cloudy throughout the day with rain.,rain,"43421099999,43444099999,43422099999,remote,43418099999,43436099999"
Polonnaruwa,2017-05-06,36.8,25.4,29.1,43,25.4,32.8,24,75.1,12.433,100,12.5,rain,0,0,27.4,12.6,146.4,1011.2,64.1,19.6,252.6,21.7,9,,2017-05-06T05:49:34,2017-05-06T18:15:41,0.34,"Rain, Partially cloudy",Partly cloudy throughout the day with rain.,rain,"43421099999,43444099999,43422099999,remote,43418099999,43436099999"
Polonnaruwa,2017-05-07,36.2,24.1,28.4,41.9,24.1,31,23.8,77.8,34.656,100,16.67,rain,0,0,22.7,10.4,297.2,1011.2,51.4,18.8,247.8,21.4,8,,2017-05-07T05:49:20,2017-05-07T18:15:47,0.37,"Rain, Partially cloudy",Partly cloudy throughout the day with rain.,rain,"43421099999,43444099999,43422099999,remote,43418099999,43436099999"
Polonnaruwa,2017-05-08,35.1,24.3,28.4,41.5,24.3,31.4,24,79.1,2.6,100,12.5,rain,0,0,22.3,7.9,267,1010.1,56.3,19.9,279.8,24.2,9,,2017-05-08T05:49:06,2017-05-08T18:15:54,0.41,"Rain, Partially cloudy",Becoming cloudy in the afternoon with rain.,rain,"43421099999,43444099999,43422099999,remote,43418099999,43436099999"
Polonnaruwa,2017-05-09,35.7,25.3,28.9,42.6,25.3,32.5,24.5,78.4,4.64,100,16.67,rain,0,0,28.4,10.8,245.1,1008.9,45.2,19.5,271.7,23.6,9,,2017-05-09T05:48:53,2017-05-09T18:16:01,0.44,"Rain, Partially cloudy",Partly cloudy throughout the day with rain.,rain,"43421099999,43444099999,43422099999,remote,43418099999,43436099999"
Polonnaruwa,2017-05-10,35.8,25.5,29.4,41.8,25.5,33.4,24.2,75,2.977,100,12.5,rain,0,0,26.6,9.7,237.4,1008.8,58.5,20,273.1,23.6,9,,2017-05-10T05:48:40,2017-05-10T18:16:09,0.48,"Rain, Partially cloudy",Partly cloudy throughout the day with rain.,rain,"43421099999,43444099999,43422099999,remote,43418099999,43436099999"
Polonnaruwa,2017-05-11,34.8,25.4,29.2,42.3,25.4,33.4,24.6,76.9,1.429,100,4.17,rain,0,0,24.5,10.1,244.8,1008.9,51.8,19.4,261.9,22.8,8,,2017-05-11T05:48:29,2017-05-11T18:16:17,0.5,"Rain, Partially cloudy",Becoming cloudy in the afternoon with morning rain.,rain,"43421099999,43444099999,43422099999,remote,43418099999,43436099999"
Polonnaruwa,2017-05-12,34.9,25.2,29.1,42.2,25.2,32.8,24.4,77.6,3.263,100,8.33,rain,0,0,19.1,5,228.4,1008.8,66.8,19.4,264.5,22.9,9,,2017-05-12T05:48:18,2017-05-12T18:16:25,0.55,"Rain, Partially cloudy",Partly cloudy throughout the day with late afternoon rain.,rain,"43421099999,43444099999,43422099999,remote,43418099999,43436099999"
Polonnaruwa,2017-05-13,35.5,25.2,29.4,42.3,25.2,33.4,24.4,75.8,2.062,100,12.5,rain,0,0,26.6,10.1,257.4,1008.1,47.3,20,258.8,22.4,8,,2017-05-13T05:48:08,2017-05-13T18:16:34,0.58,"Rain, Partially cloudy",Partly cloudy throughout the day with rain.,rain,"43421099999,43444099999,43422099999,remote,43418099999,43436099999"
Polonnaruwa,2017-05-14,35.4,25.3,29.7,42.7,25.3,34.5,24.5,74.3,1.483,100,4.17,rain,0,0,45.7,22,249.1,1007.5,74.4,20,248.8,21.4,8,,2017-05-14T05:47:58,2017-05-14T18:16:43,0.61,"Rain, Partially cloudy",Partly cloudy throughout the day with late afternoon rain.,rain,"43421099999,43444099999,43422099999,remote,43418099999,43436099999"
Polonnaruwa,2017-05-15,34.6,26.6,30,41.5,26.6,34.9,24.3,72.2,0.5,100,4.17,rain,0,0,56.5,27.7,246,1006.5,80.9,20,272.7,23.7,9,,2017-05-15T05:47:49,2017-05-15T18:16:53,0.65,"Rain, Partially cloudy",Partly cloudy throughout the day with afternoon rain.,rain,"43421099999,43444099999,43422099999,remote,43418099999,43436099999"
Polonnaruwa,2017-05-16,34.6,26.7,30.2,40.8,29.5,35.2,24.1,70.6,0.1,100,4.17,rain,0,0,47.5,22.3,246.2,1006,82.8,20,260.7,22.6,9,,2017-05-16T05:47:41,2017-05-16T18:17:03,0.68,"Rain, Partially cloudy",Partly cloudy throughout the day with afternoon rain.,rain,"43421099999,43444099999,43422099999,remote,43418099999,43436099999"
Polonnaruwa,2017-05-17,36,26.6,30.5,43.2,26.6,35.5,24.1,69.7,0,0,0,,0,0,52.6,25.9,250.3,1005.8,57.6,20.3,281,24.2,9,,2017-05-17T05:47:34,2017-05-17T18:17:13,0.71,Partially cloudy,Partly cloudy throughout the day.,partly-cloudy-day,"43421099999,43444099999,43422099999,remote,43418099999,43436099999"
Polonnaruwa,2017-05-18,35.5,27,29.8,43,30,34.8,24.2,72.5,1.3,100,4.17,rain,0,0,55.8,25.9,247.8,1007,70.6,19.7,272.7,23.4,9,,2017-05-18T05:47:28,2017-05-18T18:17:24,0.75,"Rain, Partially cloudy",Partly cloudy throughout the day with afternoon rain.,rain,"43421099999,43444099999,43422099999,remote,43418099999,43436099999"
Polonnaruwa,2017-05-19,34.8,26.6,29.9,41,26.6,34.3,23.8,70.8,0.033,100,4.17,rain,0,0,51.5,25.6,251,1008,88.3,20,279.8,24.2,9,,2017-05-19T05:47:22,2017-05-19T18:17:35,0.75,"Rain, Partially cloudy",Partly cloudy throughout the day with afternoon rain.,rain,"43421099999,43444099999,43422099999,remote,43418099999,43436099999"
Polonnaruwa,2017-05-20,35.3,26.3,30.4,41.5,26.3,35.2,23.9,69.3,0,0,0,,0,0,57.6,26.3,246,1007,84.5,20,272.2,23.5,9,,2017-05-20T05:47:17,2017-05-20T18:17:47,0.81,Partially cloudy,Partly cloudy throughout the day.,partly-cloudy-day,"43421099999,43444099999,43422099999,remote,43418099999,43436099999"
Polonnaruwa,2017-05-21,34.4,26.5,29.9,40.1,26.5,34.3,23.8,70.8,0,0,0,,0,0,48.2,23.4,246.5,1006,93.6,20,234.9,20.4,8,,2017-05-21T05:47:12,2017-05-21T18:17:58,0.85,Overcast,Cloudy skies throughout the day.,cloudy,"43421099999,43444099999,43422099999,remote,43418099999,43436099999"
Polonnaruwa,2017-05-22,34.9,26.4,30,42,26.4,34.8,24.3,72.3,0.1,100,4.17,rain,0,0,47.5,22.3,247.4,1006.1,89.5,19.9,234.1,20.2,8,,2017-05-22T05:47:09,2017-05-22T18:18:11,0.88,"Rain, Partially cloudy",Partly cloudy throughout the day with early morning rain.,rain,"43421099999,43444099999,43422099999,remote,43418099999,43436099999"
Polonnaruwa,2017-05-23,34,26.7,29.5,39.5,26.7,33.9,24,73.4,2.176,100,12.5,rain,0,0,44.3,21.6,245,1006.8,94.3,19.9,194.9,16.9,7,,2017-05-23T05:47:06,2017-05-23T18:18:23,0.91,"Rain, Overcast",Cloudy skies throughout the day with rain.,rain,"43421099999,43444099999,43422099999,remote,43418099999,43436099999"
Polonnaruwa,2017-05-24,34.6,22.6,28.4,38.8,22.6,31.2,22.8,73.3,39.504,100,16.67,rain,0,0,55.4,25.6,251.2,1006.3,85.8,18.2,219.3,19.1,9,,2017-05-24T05:47:04,2017-05-24T18:18:36,0.95,"Rain, Partially cloudy",Partly cloudy throughout the day with rain.,rain,"43421099999,43444099999,43422099999,remote,43418099999,43436099999"
Polonnaruwa,2017-05-25,34,24.6,28.7,39.9,24.6,32,23.5,74.1,0.265,100,4.17,rain,0,0,58.7,27.4,246,1005.8,92.6,19.8,231.7,20.1,9,,2017-05-25T05:47:03,2017-05-25T18:18:49,0.98,"Rain, Overcast",Cloudy skies throughout the day with morning rain.,rain,"43421099999,43444099999,43422099999,remote,43418099999,43436099999"
Polonnaruwa,2017-05-26,33.1,26.3,28.8,38,26.3,32.6,23.8,74.7,1.163,100,16.67,rain,0,0,65.5,31.3,243.4,1005.6,95,19.6,221.2,19.1,7,,2017-05-26T05:47:02,2017-05-26T18:19:02,0,"Rain, Overcast",Cloudy skies throughout the day with a chance of rain throughout the day.,rain,"43421099999,43444099999,43422099999,remote,43418099999,43436099999"
Polonnaruwa,2017-05-27,34.3,26.6,29.8,40.6,26.6,34.4,24.2,72.7,0.403,100,16.67,rain,0,0,65.2,32.4,245,1005.5,75.1,20,256.4,22.2,9,,2017-05-27T05:47:02,2017-05-27T18:19:16,0.05,"Rain, Partially cloudy",Partly cloudy throughout the day with a chance of rain throughout the day.,rain,"43421099999,43444099999,43422099999,remote,43418099999,43436099999"
Polonnaruwa,2017-05-28,33.9,26.8,29.7,39.8,29.8,34.3,23.9,71.8,0.039,100,8.33,rain,0,0,67.3,34.9,250.1,1005.6,85.7,20,239.9,20.6,7,,2017-05-28T05:47:03,2017-05-28T18:19:29,0.08,"Rain, Partially cloudy",Partly cloudy throughout the day with rain.,rain,"43421099999,43444099999,43422099999,remote,43418099999,43436099999"
Polonnaruwa,2017-05-29,34.6,27.1,29.9,40.1,30.3,34.1,23.5,69.6,4.825,100,29.17,rain,0,0,65.2,32,250.5,1005.5,85.5,19.6,251.2,21.7,9,,2017-05-29T05:47:04,2017-05-29T18:19:43,0.12,"Rain, Partially cloudy",Partly cloudy throughout the day with a chance of rain throughout the day.,rain,"43421099999,43444099999,43422099999,remote,43418099999,43436099999"
Polonnaruwa,2017-05-30,30.4,25.8,28.3,34.8,25.8,31.1,23.1,74.1,3.146,100,25,rain,0,0,68,34.9,248.2,1006.3,94.4,19.5,127.4,10.9,5,,2017-05-30T05:47:06,2017-05-30T18:19:58,0.15,"Rain, Overcast",Cloudy skies throughout the day with a chance of rain throughout the day.,rain,"43421099999,43444099999,43422099999,remote,43418099999,43436099999"
Polonnaruwa,2017-05-31,33.5,26,29.1,38.4,26,32.4,23.2,71.2,1.509,100,12.5,rain,0,0,68.4,31.3,247.7,1006.2,61.7,20,248.7,21.5,8,,2017-05-31T05:47:09,2017-05-31T18:20:12,0.18,"Rain, Partially cloudy",Partly cloudy throughout the day with a chance of rain throughout the day.,rain,"43421099999,43444099999,43422099999,remote,43418099999,43436099999"
Polonnaruwa,2017-06-01,34.1,25.7,29,39.3,25.7,32.3,23.5,73.3,2.626,100,33.33,rain,0,0,56.9,26.6,247.3,1006.2,79.6,19.2,240.9,20.8,9,,2017-06-01T05:47:12,2017-06-01T18:20:27,0.25,"Rain, Partially cloudy",Partly cloudy throughout the day with a chance of rain throughout the day.,rain,"43421099999,43444099999,43422099999,remote,43418099999,43436099999"
Polonnaruwa,2017-06-02,34.5,25.9,29.2,38.9,25.9,32.5,22.9,69.8,0.527,100,12.5,rain,0,0,58.7,28.1,246.7,1007,85.9,20,237.2,20.6,7,,2017-06-02T05:47:16,2017-06-02T18:20:41,0.25,"Rain, Partially cloudy",Partly cloudy throughout the day with rain.,rain,"43421099999,43444099999,43422099999,remote,43418099999,43436099999"
Polonnaruwa,2017-06-03,33.2,26.5,29,38.1,26.5,32.6,23.4,72.4,1.081,100,25,rain,0,0,59,27,248.7,1008.2,88.3,19.9,165,14.2,6,,2017-06-03T05:47:21,2017-06-03T18:20:56,0.29,"Rain, Partially cloudy",Partly cloudy throughout the day with a chance of rain throughout the day.,rain,"43421099999,43444099999,43422099999,remote,43418099999,43436099999"
Polonnaruwa,2017-06-04,35.1,26.5,29.9,40.3,26.5,33.9,23.4,69.3,0.089,100,12.5,rain,0,0,61.9,27.7,248.5,1007.7,48.7,19.9,251.2,21.5,9,,2017-06-04T05:47:26,2017-06-04T18:21:11,0.32,"Rain, Partially cloudy",Partly cloudy throughout the day with a chance of rain throughout the day.,rain,"43421099999,43444099999,43422099999,remote,43418099999,43436099999"
Polonnaruwa,2017-06-05,34.5,26.3,29.7,39.3,26.3,33.7,23.5,70.1,1.848,100,25,rain,0,0,60.8,29.5,248.7,1007.5,63.1,19.8,249.3,21.6,8,,2017-06-05T05:47:32,2017-06-05T18:21:26,0.35,"Rain, Partially cloudy",Partly cloudy throughout the day with a chance of rain throughout the day.,rain,"43421099999,43444099999,43422099999,remote,43418099999,43436099999"
Polonnaruwa,2017-06-06,34.7,26.2,29.9,39.3,26.2,33.5,22.9,67.3,0,0,0,,0,0,60.5,28.4,248.6,1007.9,85.3,20,245.6,21.1,9,,2017-06-06T05:47:38,2017-06-06T18:21:41,0.39,Partially cloudy,Partly cloudy throughout the day.,partly-cloudy-day,"43421099999,43444099999,43422099999,remote,43418099999,43436099999"
Polonnaruwa,2017-06-07,32.8,26.3,29.2,37.2,26.3,32.2,22.9,70,0.555,100,8.33,rain,0,0,61.2,28.8,253.2,1008.7,96.5,20,182.1,15.9,6,,2017-06-07T05:47:45,2017-06-07T18:21:56,0.42,"Rain, Overcast",Cloudy skies throughout the day with rain clearing later.,rain,"43421099999,43444099999,43422099999,remote,43418099999,43436099999"
Polonnaruwa,2017-06-08,35.7,26,30.2,39.5,26,33.4,22.7,66.1,0.11,100,4.17,rain,0,0,55.8,23,253.3,1007.4,62.1,20,268.6,23.2,9,,2017-06-08T05:47:53,2017-06-08T18:22:11,0.46,"Rain, Partially cloudy",Partly cloudy throughout the day with afternoon rain.,rain,"43421099999,43444099999,43422099999,remote,43418099999,43436099999"
Polonnaruwa,2017-06-09,35.6,25.9,29.9,39.7,25.9,33.3,22.6,66,0,0,0,,0,0,61.9,29.2,249.2,1006.9,59.9,19.9,264.3,22.8,9,,2017-06-09T05:48:01,2017-06-09T18:22:26,0.5,Partially cloudy,Partly cloudy throughout the day.,partly-cloudy-day,"43421099999,43444099999,43422099999,remote,43418099999,43436099999"
Polonnaruwa,2017-06-10,34.5,26.7,29.7,37.5,29,32.9,22.4,66.1,0,0,0,,0,0,61.2,29.9,245,1007.3,90.3,20,255.6,22.1,8,,2017-06-10T05:48:10,2017-06-10T18:22:41,0.52,Overcast,Cloudy skies throughout the day.,cloudy,"43421099999,43444099999,43422099999,remote,43418099999,43436099999"
Polonnaruwa,2017-06-11,35,25.9,29.4,38.1,25.9,32.3,22.5,67.8,0.312,100,8.33,rain,0,0,63.4,27.4,246.3,1007.6,92.3,19.9,257.2,22.4,9,,2017-06-11T05:48:19,2017-06-11T18:22:56,0.56,"Rain, Overcast",Cloudy skies throughout the day with rain.,rain,"43421099999,43444099999,43422099999,remote,43418099999,43436099999"
Polonnaruwa,2017-06-12,35.5,25.2,29.8,39.3,25.2,33,22.8,67.6,0.2,100,4.17,rain,0,0,51.8,23.8,247.6,1007.4,81.9,20,271.1,23.4,9,,2017-06-12T05:48:28,2017-06-12T18:23:11,0.59,"Rain, Partially cloudy",Partly cloudy throughout the day with afternoon rain.,rain,"43421099999,43444099999,43422099999,remote,43418099999,43436099999"
Polonnaruwa,2017-06-13,36,27.3,30.7,40.6,29.6,34.5,22.7,63.8,0.2,100,4.17,rain,0,0,51.1,23.8,244.3,1007.1,44.9,20,245.4,21.4,9,,2017-06-13T05:48:38,2017-06-13T18:23:26,0.63,"Rain, Partially cloudy",Partly cloudy throughout the day with afternoon rain.,rain,"43421099999,43444099999,43422099999,remote,43418099999,43436099999"
Polonnaruwa,2017-06-14,36.3,26.3,30.2,41.6,26.3,34.1,23.2,67.5,0.7,100,8.33,rain,0,0,50.4,22.7,244.2,1008,62.8,20,248.3,21.4,9,,2017-06-14T05:48:49,2017-06-14T18:23:41,0.66,"Rain, Partially cloudy",Partly cloudy throughout the day with afternoon rain.,rain,"43421099999,43444099999,43422099999,remote,43418099999,43436099999"
Polonnaruwa,2017-06-15,34.7,26.4,30,39.7,26.4,33.7,23,67.3,2.066,100,4.17,rain,0,0,49.3,23,245.6,1008.3,81.2,20,228.9,19.7,8,,2017-06-15T05:49:00,2017-06-15T18:23:55,0.7,"Rain, Partially cloudy",Partly cloudy throughout the day with late afternoon rain.,rain,"43421099999,43444099999,43422099999,remote,43418099999,43436099999"
Polonnaruwa,2017-06-16,36.1,26.1,30.4,41.1,26.1,33.8,22.4,63.7,1.074,100,8.33,rain,0,0,53.6,25.6,244.8,1008,67.4,19.8,245.5,21.2,8,,2017-06-16T05:49:11,2017-06-16T18:24:09,0.73,"Rain, Partially cloudy",Partly cloudy throughout the day with rain.,rain,"43421099999,43444099999,43422099999,remote,43418099999,43436099999"
Polonnaruwa,2017-06-17,35.7,25.7,30.4,41.1,25.7,34.1,23,66.1,0.3,100,8.33,rain,0,0,50,21.2,245.4,1007.6,35.7,20,256.2,22.2,9,,2017-06-17T05:49:23,2017-06-17T18:24:23,0.75,"Rain, Partially cloudy",Partly cloudy throughout the day with afternoon rain.,rain,"43421099999,43444099999,43422099999,remote,43418099999,43436099999"
Polonnaruwa,2017-06-18,36.2,26.8,30.7,40.5,29.4,34.6,22.9,64.5,0.6,100,4.17,rain,0,0,50.8,23.4,246.8,1007,65.5,20,251.4,21.8,9,,2017-06-18T05:49:34,2017-06-18T18:24:37,0.8,"Rain, Partially cloudy",Partly cloudy throughout the day with afternoon rain.,rain,"43421099999,43444099999,remote,43418099999,43436099999"
Polonnaruwa,2017-06-19,36.2,26.2,30.1,40.2,26.2,33.5,23.1,67.7,2.642,100,8.33,rain,0,0,54.7,25.2,243.5,1007,84.5,20,237.1,20.6,9,,2017-06-19T05:49:47,2017-06-19T18:24:51,0.83,"Rain, Partially cloudy",Partly cloudy throughout the day with rain.,rain,"43421099999,43444099999,43422099999,remote,43418099999,43436099999"
Polonnaruwa,2017-06-20,35.2,26,30.1,39.5,26,33.7,23,67.3,0,0,0,,0,0,54,24.8,245.3,1007.5,75.8,20,246.5,21.2,8,,2017-06-20T05:49:59,2017-06-20T18:25:04,0.87,Partially cloudy,Partly cloudy throughout the day.,partly-cloudy-day,"43421099999,43444099999,43422099999,remote,43418099999,43436099999"
Polonnaruwa,2017-06-21,36.2,26,30.1,40.1,26,33.3,22.6,65.9,0,0,0,,0,0,54,23.8,245,1007.9,83.1,20,237.5,20.5,8,,2017-06-21T05:50:12,2017-06-21T18:25:18,0.9,Partially cloudy,Partly cloudy throughout the day.,partly-cloudy-day,"43421099999,43444099999,43422099999,remote,43418099999,43436099999"
Polonnaruwa,2017-06-22,36.3,25.8,30.3,39.8,25.8,33.5,22.5,65,0.1,100,4.17,rain,0,0,56.5,25.2,244.7,1008.2,66.9,20,266.8,23.1,9,,2017-06-22T05:50:25,2017-06-22T18:25:30,0.94,"Rain, Partially cloudy",Partly cloudy throughout the day with afternoon rain.,rain,"43421099999,43444099999,43422099999,remote,43418099999,43436099999"
Polonnaruwa,2017-06-23,34.4,26,29.8,38.6,26,33,22.6,66.5,0.529,100,8.33,rain,0,0,64.8,28.8,243.1,1007.9,70.7,20,255.2,22,8,,2017-06-23T05:50:39,2017-06-23T18:25:43,0.97,"Rain, Partially cloudy",Partly cloudy throughout the day with rain in the morning and afternoon.,rain,"43421099999,43444099999,43422099999,remote,43418099999,43436099999"
Polonnaruwa,2017-06-24,33.1,26.4,28.8,36.4,26.4,31.3,22.4,69,1.044,100,4.17,rain,0,0,70.6,31,242.1,1006.9,78.2,19.7,219.4,19.1,8,,2017-06-24T05:50:52,2017-06-24T18:25:55,0,"Rain, Partially cloudy",Partly cloudy throughout the day with morning rain.,rain,"43421099999,43444099999,43422099999,remote,43418099999,43436099999"
Polonnaruwa,2017-06-25,33.1,26.3,29.1,36.9,26.3,32.1,22.4,67.5,1.421,100,4.17,rain,0,0,69.8,31.3,243,1006.4,92.1,19.8,174.5,14.9,7,,2017-06-25T05:51:06,2017-06-25T18:26:06,0.04,"Rain, Overcast",Cloudy skies throughout the day with morning rain.,rain,"43421099999,43444099999,43422099999,remote,43418099999,43436099999"
Polonnaruwa,2017-06-26,32.5,26,28.7,36.5,26,31.6,22.6,70.4,0.947,100,20.83,rain,0,0,65.9,32.4,246.9,1007.5,92.8,20,222,19.1,8,,2017-06-26T05:51:20,2017-06-26T18:26:18,0.07,"Rain, Overcast",Cloudy skies throughout the day with rain.,rain,"43421099999,43444099999,43422099999,remote,43418099999,43436099999"
Polonnaruwa,2017-06-27,33.8,25.6,28.3,37.9,25.6,30.4,22.6,72.1,6.343,100,29.17,rain,0,0,70.2,31.3,250.7,1008.7,88,19.7,229.8,19.7,8,,2017-06-27T05:51:34,2017-06-27T18:26:29,0.11,"Rain, Partially cloudy",Partly cloudy throughout the day with a chance of rain throughout the day.,rain,"43421099999,43444099999,43422099999,remote,43418099999,43436099999"
Polonnaruwa,2017-06-28,34.2,25.4,29.1,37.6,25.4,31.5,22.2,67.9,0.343,100,12.5,rain,0,0,71.3,29.5,254,1008.4,92.5,20,198.2,17,8,,2017-06-28T05:51:48,2017-06-28T18:26:39,0.14,"Rain, Overcast",Cloudy skies throughout the day with rain in the morning and afternoon.,rain,"43421099999,43444099999,43422099999,remote,43418099999,43436099999"
Polonnaruwa,2017-06-29,35.6,25.4,30.1,39.2,25.4,33,22.2,64.2,0,0,0,,0,0,55.4,24.1,252.6,1007.6,56.4,20,255.4,22.2,9,,2017-06-29T05:52:02,2017-06-29T18:26:49,0.17,Partially cloudy,Partly cloudy throughout the day.,partly-cloudy-day,"43421099999,43444099999,43422099999,remote,43418099999,43436099999"
Polonnaruwa,2017-06-30,35.4,26.1,30.6,39.6,26.1,34.2,22.6,63.3,0.3,100,4.17,rain,0,0,54,23.8,248.9,1006.7,52.5,19.9,280.7,24.2,9,,2017-06-30T05:52:16,2017-06-30T18:26:58,0.2,"Rain, Partially cloudy",Partly cloudy throughout the day with afternoon rain.,rain,"43421099999,43444099999,43422099999,remote,43418099999,43436099999"
Polonnaruwa,2017-07-01,34.6,26,29.7,38.6,26,33.2,22.8,67.7,0.728,100,8.33,rain,0,0,52.6,23.4,247.5,1006.8,82.3,19.9,217,18.8,8,,2017-07-01T05:52:31,2017-07-01T18:27:07,0.25,"Rain, Partially cloudy",Partly cloudy throughout the day with rain.,rain,"43421099999,43444099999,43422099999,remote,43418099999,43436099999"
Polonnaruwa,2017-07-02,36.8,25.8,29.9,41.1,25.8,32.9,22.8,67.6,10.177,100,12.5,rain,0,0,47.2,22,243.7,1007.1,77,20,251.6,21.6,9,,2017-07-02T05:52:45,2017-07-02T18:27:15,0.27,"Rain, Partially cloudy",Partly cloudy throughout the day with rain.,rain,"43421099999,43444099999,43422099999,remote,43418099999,43436099999"
Polonnaruwa,2017-07-03,36.6,25.6,30.4,42.2,25.6,33.8,22.7,65.2,0.022,100,4.17,rain,0,0,51.1,23.4,248.3,1007.8,35.6,20,253.9,22,8,,2017-07-03T05:52:59,2017-07-03T18:27:23,0.3,"Rain, Partially cloudy",Partly cloudy throughout the day with early morning rain.,rain,"43421099999,43444099999,43422099999,remote,43418099999,43436099999"
Polonnaruwa,2017-07-04,36.7,26.6,30.8,40.7,26.6,34.2,22.4,62.7,0,0,0,,0,0,44.6,19.8,249.8,1008,49.7,20.3,263.2,22.8,9,,2017-07-04T05:53:14,2017-07-04T18:27:30,0.34,Partially cloudy,Partly cloudy throughout the day.,partly-cloudy-day,"43421099999,43444099999,43422099999,remote,43418099999,43436099999"
Polonnaruwa,2017-07-05,36.2,26.1,30.3,39.4,26.1,33.5,22.2,63.4,1.963,100,4.17,rain,0,0,46.4,21.2,247,1008.3,83.6,20.3,254.9,22,9,,2017-07-05T05:53:28,2017-07-05T18:27:37,0.37,"Rain, Partially cloudy",Partly cloudy throughout the day with afternoon rain.,rain,"43421099999,43444099999,43422099999,remote,43418099999,43436099999"
Polonnaruwa,2017-07-06,34.7,26.3,29.9,38.4,26.3,33.2,22.7,66.4,1.5,100,8.33,rain,0,0,50.4,23.4,249,1008.1,86.3,20,222.4,19,8,,2017-07-06T05:53:42,2017-07-06T18:27:43,0.4,"Rain, Partially cloudy",Partly cloudy throughout the day with afternoon rain.,rain,"43421099999,43444099999,43422099999,remote,43418099999,43436099999"
Polonnaruwa,2017-07-07,34.8,26.3,29.7,38.9,26.3,32.8,22.7,67.2,0.066,100,4.17,rain,0,0,52.6,25.2,250.3,1008,89.3,19.9,231,20.1,8,,2017-07-07T05:53:56,2017-07-07T18:27:49,0.44,"Rain, Partially cloudy",Partly cloudy throughout the day with morning rain.,rain,"43421099999,43444099999,43422099999,remote,43418099999,43436099999"
Polonnaruwa,2017-07-08,35.4,25.2,29.2,40.1,25.2,32.1,22.7,69.4,7.51,100,20.83,rain,0,0,52.2,23.8,247.1,1008.2,91.9,19.5,232.2,20,9,,2017-07-08T05:54:10,2017-07-08T18:27:53,0.47,"Rain, Overcast",Cloudy skies throughout the day with a chance of rain throughout the day.,rain,"43421099999,43444099999,43422099999,remote,43418099999,43436099999"
Polonnaruwa,2017-07-09,34.6,25.2,29,38.6,25.2,31.6,22.3,68.5,4.172,100,8.33,rain,0,0,57.6,27.4,243,1008.3,87.7,19.9,226.9,19.5,9,,2017-07-09T05:54:24,2017-07-09T18:27:57,0.5,"Rain, Partially cloudy",Partly cloudy throughout the day with rain.,rain,"43421099999,43444099999,43422099999,remote,43418099999,43436099999"
Polonnaruwa,2017-07-10,34.2,24.8,28.8,37.2,24.8,30.8,21.8,67.2,2.238,100,12.5,rain,0,0,58,26.3,245,1008.9,79.9,19.9,226,19.4,7,,2017-07-10T05:54:37,2017-07-10T18:28:01,0.54,"Rain, Partially cloudy",Partly cloudy throughout the day with a chance of rain throughout the day.,rain,"43421099999,43444099999,43422099999,remote,43418099999,43436099999"
Polonnaruwa,2017-07-11,34.4,25.7,29.7,38,25.7,32.3,22.1,65.2,0.843,100,8.33,rain,0,0,62.6,27,251.6,1008.3,59.4,19.9,266.2,23,9,,2017-07-11T05:54:51,2017-07-11T18:28:04,0.57,"Rain, Partially cloudy",Partly cloudy throughout the day with rain in the morning and afternoon.,rain,"43421099999,43444099999,43422099999,remote,43418099999,43436099999"
Polonnaruwa,2017-07-12,36,25.5,29.3,40.5,25.5,32.2,22.6,68.2,4.335,100,8.33,rain,0,0,44.3,19.8,257.3,1008.1,76.7,19.7,233.1,20.1,8,,2017-07-12T05:55:04,2017-07-12T18:28:06,0.61,"Rain, Partially cloudy",Partly cloudy throughout the day with afternoon rain.,rain,"43421099999,43444099999,43422099999,remote,43418099999,43436099999"
Polonnaruwa,2017-07-13,35.1,25.4,29.6,38.5,25.4,32.3,22.2,65.8,0.2,100,4.17,rain,0,0,53.3,26.3,247,1008.2,90.9,20,253.7,21.9,9,,2017-07-13T05:55:17,2017-07-13T18:28:07,0.64,"Rain, Overcast",Cloudy skies throughout the day with early morning rain.,rain,"43421099999,43444099999,43422099999,remote,43418099999,43436099999"
Polonnaruwa,2017-07-14,34.1,25.6,29.5,37,25.6,32.3,22.1,65.6,0,0,0,,0,0,59,25.2,247.6,1008.5,87.1,20,215.7,18.6,7,,2017-07-14T05:55:30,2017-07-14T18:28:08,0.68,Partially cloudy,Partly cloudy throughout the day.,partly-cloudy-day,"43421099999,43444099999,43422099999,remote,43418099999,43436099999"
Polonnaruwa,2017-07-15,34.6,25.7,29.6,38.1,25.7,32.5,22.2,65.8,0,0,0,,0,0,63.4,27,246.2,1008.7,87.4,20,202.3,17.3,8,,2017-07-15T05:55:42,2017-07-15T18:28:08,0.71,Partially cloudy,Partly cloudy throughout the day.,partly-cloudy-day,"43421099999,43444099999,remote,43418099999,43436099999"
Polonnaruwa,2017-07-16,34.5,25.6,29.9,38.2,25.6,32.7,22,63.8,0.7,100,4.17,rain,0,0,62.6,27.4,249,1007.6,82.9,20,259.7,22.5,9,,2017-07-16T05:55:55,2017-07-16T18:28:07,0.75,"Rain, Partially cloudy",Partly cloudy throughout the day with afternoon rain.,rain,"43421099999,43444099999,43422099999,remote,43418099999,43436099999"
Polonnaruwa,2017-07-17,35.5,26.2,30.1,38,26.2,33,21.9,62.7,0,0,0,,0,0,66.6,28.1,250.6,1006.8,85.4,20,241.7,20.7,9,,2017-07-17T05:56:06,2017-07-17T18:28:05,0.75,Partially cloudy,Partly cloudy throughout the day.,partly-cloudy-day,"43421099999,43444099999,43422099999,remote,43418099999,43436099999"
Polonnaruwa,2017-07-18,33.6,26.6,29.7,36.3,26.6,32.2,21.6,62.6,0,0,0,,0,0,65.5,28.1,245.7,1007.2,83.7,20,224,19.4,8,,2017-07-18T05:56:18,2017-07-18T18:28:03,0.82,Partially cloudy,Partly cloudy throughout the day.,partly-cloudy-day,"43421099999,43444099999,43422099999,remote,43418099999,43436099999"
Polonnaruwa,2017-07-19,33.1,25.5,29.4,36.3,25.5,31.9,21.8,64.6,1.441,100,12.5,rain,0,0,64.1,25.9,244.3,1007.7,55.6,19.8,228.9,19.8,9,,2017-07-19T05:56:29,2017-07-19T18:28:00,0.85,"Rain, Partially cloudy",Partly cloudy throughout the day with a chance of rain throughout the day.,rain,"43421099999,43444099999,43422099999,remote,43418099999,43436099999"
Polonnaruwa,2017-07-20,36.2,26.4,30.5,39.4,26.4,33.8,22.3,63,0.4,100,4.17,rain,0,0,56.2,24.5,247.4,1007.1,46.6,20,273.2,23.6,9,,2017-07-20T05:56:40,2017-07-20T18:27:56,0.89,"Rain, Partially cloudy",Partly cloudy throughout the day with afternoon rain.,rain,"43421099999,43444099999,43422099999,remote,43418099999,43436099999"
Polonnaruwa,2017-07-21,35.9,25.6,30.3,39.7,25.6,33.6,22.4,64.3,0.1,100,4.17,rain,0,0,58,26.3,249,1007.6,55.2,20,260.3,22.4,9,,2017-07-21T05:56:51,2017-07-21T18:27:51,0.92,"Rain, Partially cloudy",Partly cloudy throughout the day with morning rain.,rain,"43421099999,43444099999,43422099999,remote,43418099999,43436099999"
Polonnaruwa,2017-07-22,35.1,26.2,30.7,39.4,26.2,34.3,22.5,63.1,0.6,100,8.33,rain,0,0,45,20.5,249.4,1007.7,74.8,20,227.3,19.5,9,,2017-07-22T05:57:01,2017-07-22T18:27:46,0.96,"Rain, Partially cloudy",Partly cloudy throughout the day with afternoon rain.,rain,"43421099999,43444099999,43422099999,remote,43418099999,43436099999"
Polonnaruwa,2017-07-23,36,26.5,30.7,40.1,26.5,34.3,22.7,63.7,0.4,100,8.33,rain,0,0,52.9,24.5,245.2,1007.1,78.2,20,269.2,23.2,9,,2017-07-23T05:57:11,2017-07-23T18:27:40,0,"Rain, Partially cloudy",Partly cloudy throughout the day with afternoon rain.,rain,"43421099999,43444099999,43422099999,remote,43418099999,43436099999"
Polonnaruwa,2017-07-24,37,26.3,31,41.5,26.3,34.8,22.7,62.8,0.017,100,4.17,rain,0,0,45,21.2,248.7,1007,63.4,20,266.9,22.9,9,,2017-07-24T05:57:21,2017-07-24T18:27:33,0.03,"Rain, Partially cloudy",Partly cloudy throughout the day with morning rain.,rain,"43421099999,43444099999,43422099999,remote,43418099999,43436099999"
Polonnaruwa,2017-07-25,38.4,26.1,31.2,42.9,26.1,35.2,22.9,63.2,2.3,100,4.17,rain,0,0,35.3,16.2,255.2,1006,65.3,20,250.8,21.6,9,,2017-07-25T05:57:30,2017-07-25T18:27:25,0.06,"Rain, Partially cloudy",Partly cloudy throughout the day with afternoon rain.,rain,"43421099999,43444099999,43422099999,remote,43418099999,43436099999"
Polonnaruwa,2017-07-26,36.8,27,31.5,40.5,29.8,35.3,22.4,60.1,0.2,100,4.17,rain,0,0,46.4,21.2,252,1005.9,51.6,20,267.9,23.2,9,,2017-07-26T05:57:38,2017-07-26T18:27:17,0.09,"Rain, Partially cloudy",Partly cloudy throughout the day with afternoon rain.,rain,"43421099999,43444099999,43422099999,remote,43418099999,43436099999"
Polonnaruwa,2017-07-27,38,25.8,29.9,43.2,25.8,32.7,22.9,67.9,15.34,100,12.5,rain,0,0,51.1,23.4,245.7,1007.3,63.9,19.3,266,22.8,9,,2017-07-27T05:57:47,2017-07-27T18:27:07,0.13,"Rain, Partially cloudy",Partly cloudy throughout the day with rain.,rain,"43421099999,43444099999,43422099999,remote,43418099999,43436099999"
Polonnaruwa,2017-07-28,35.6,25.6,30.1,40.3,25.6,33.1,22.2,64.1,0.873,100,4.17,rain,0,0,51.1,25.6,246.7,1008.2,64,19.6,258.6,22.4,9,,2017-07-28T05:57:54,2017-07-28T18:26:57,0.16,"Rain, Partially cloudy",Partly cloudy throughout the day with afternoon rain.,rain,"43421099999,43444099999,43422099999,remote,43418099999,43436099999"
Polonnaruwa,2017-07-29,37,25.5,29.4,42.1,25.5,33,23.4,71.5,1.685,100,8.33,rain,0,0,50.4,22,252.4,1008.7,86.1,20,245.6,21.2,9,,2017-07-29T05:58:02,2017-07-29T18:26:47,0.19,"Rain, Partially cloudy",Partly cloudy throughout the day with rain.,rain,"43421099999,43444099999,43422099999,remote,43418099999,43436099999"
Polonnaruwa,2017-07-30,32.6,25.1,28.7,38.3,25.1,31.3,22.6,70.4,5.039,100,8.33,rain,0,0,46.4,20.9,245.1,1008.1,74.9,19.6,207.7,17.8,7,,2017-07-30T05:58:09,2017-07-30T18:26:35,0.25,"Rain, Partially cloudy",Partly cloudy throughout the day with rain in the morning and afternoon.,rain,"43421099999,43444099999,43422099999,remote,43418099999,43436099999"
Polonnaruwa,2017-07-31,35.6,24.8,28.9,40.1,24.8,31.7,23,72,8.696,100,20.83,rain,0,0,50.8,20.2,244.7,1008.2,52.7,18.6,258.9,22.4,9,,2017-07-31T05:58:15,2017-07-31T18:26:23,0.26,"Rain, Partially cloudy",Partly cloudy throughout the day with rain.,rain,"43421099999,43444099999,43422099999,remote,43418099999,43436099999"
Polonnaruwa,2017-08-01,34.3,25,29.2,38.8,25,31.9,22.6,68.8,0.218,100,4.17,rain,0,0,51.1,23.4,246,1008.6,54.8,20,243.9,21.1,9,,2017-08-01T05:58:21,2017-08-01T18:26:09,0.29,"Rain, Partially cloudy",Partly cloudy throughout the day with afternoon rain.,rain,"43421099999,43444099999,43422099999,remote,43418099999,43436099999"
Polonnaruwa,2017-08-02,34,25.2,29.4,39,25.2,32.7,22.8,68.5,0.165,100,4.17,rain,0,0,54.7,26.6,249.1,1008.7,84.5,20,243.9,21.1,9,,2017-08-02T05:58:27,2017-08-02T18:25:56,0.32,"Rain, Partially cloudy",Partly cloudy throughout the day with afternoon rain.,rain,"43421099999,43444099999,43422099999,remote,43418099999,43436099999"
Polonnaruwa,2017-08-03,34.8,26.3,29.4,37.8,26.3,32.1,22.2,66.2,0.757,100,8.33,rain,0,0,58.3,27.7,251.4,1008.1,83.5,19.9,234.9,20.3,9,,2017-08-03T05:58:32,2017-08-03T18:25:41,0.35,"Rain, Partially cloudy",Partly cloudy throughout the day with rain.,rain,"43421099999,43444099999,43422099999,remote,43418099999,43436099999"
Polonnaruwa,2017-08-04,34.5,26,29.7,38.3,26,32.8,22.6,66.8,0.19,100,16.67,rain,0,0,58.7,26.6,251.3,1006.4,83.8,20,242.8,21.1,8,,2017-08-04T05:58:37,2017-08-04T18:25:26,0.39,"Rain, Partially cloudy",Partly cloudy throughout the day with a chance of rain throughout the day.,rain,"43421099999,43444099999,43422099999,remote,43418099999,43436099999"
Polonnaruwa,2017-08-05,35.2,26.7,29.8,39.7,29.3,33.5,22.9,67.5,2.708,100,29.17,rain,0,0,72,32.4,251.3,1005.4,91.5,19.7,259.7,22.3,9,,2017-08-05T05:58:41,2017-08-05T18:25:09,0.42,"Rain, Overcast",Cloudy skies throughout the day with a chance of rain throughout the day.,rain,"43421099999,43444099999,43422099999,remote,43418099999,43436099999"
Polonnaruwa,2017-08-06,32.8,26.7,29.2,37.5,26.7,32.6,22.9,69.8,1.455,100,16.67,rain,0,0,60.5,28.4,247.8,1005.4,95.8,19.9,207,17.8,8,,2017-08-06T05:58:45,2017-08-06T18:24:53,0.45,"Rain, Overcast",Cloudy skies throughout the day with rain in the morning and afternoon.,rain,"43421099999,43444099999,43422099999,remote,43418099999,43436099999"
Polonnaruwa,2017-08-07,34.5,25.2,29.5,38.7,25.2,32.7,22.7,68.1,3.823,100,12.5,rain,0,0,52.6,24.5,241.9,1005.8,85.5,19.9,223.1,19.4,8,,2017-08-07T05:58:48,2017-08-07T18:24:35,0.5,"Rain, Partially cloudy",Partly cloudy throughout the day with rain.,rain,"43421099999,43444099999,43422099999,remote,43418099999,43436099999"
Polonnaruwa,2017-08-08,35.7,24.4,29.2,40,24.4,32.4,23,70.7,23.871,100,16.67,rain,0,0,39.2,19.4,245.3,1006.8,93.3,20,189.2,16.2,7,,2017-08-08T05:58:51,2017-08-08T18:24:17,0.52,"Rain, Overcast",Cloudy skies throughout the day with rain.,rain,"43421099999,43444099999,43422099999,remote,43418099999,43436099999"
Polonnaruwa,2017-08-09,36,24.3,29.5,40.7,24.3,32.2,22.6,68.2,2.891,100,12.5,rain,0,0,44.3,18,241,1007.2,88.9,19.9,215.2,18.5,8,,2017-08-09T05:58:53,2017-08-09T18:23:58,0.55,"Rain, Partially cloudy",Partly cloudy throughout the day with rain.,rain,"43421099999,43444099999,43422099999,remote,43418099999,43436099999"
Polonnaruwa,2017-08-10,37.3,24.7,29.4,40.8,24.7,31.7,22.2,67.5,25.419,100,12.5,rain,0,0,36.4,15.8,244.5,1007.4,79.9,19.2,252.7,21.8,9,,2017-08-10T05:58:55,2017-08-10T18:23:38,0.59,"Rain, Partially cloudy",Partly cloudy throughout the day with rain.,rain,"43421099999,43444099999,43422099999,remote,43418099999,43436099999"
Polonnaruwa,2017-08-11,35.7,24.8,29.4,39.6,24.8,32.1,22.9,70.1,2.88,100,16.67,rain,0,0,52.2,23,247.6,1008.3,84,19.9,248.9,21.5,9,,2017-08-11T05:58:57,2017-08-11T18:23:17,0.63,"Rain, Partially cloudy",Partly cloudy throughout the day with rain clearing later.,rain,"43421099999,43444099999,43422099999,remote,43418099999,43436099999"
Polonnaruwa,2017-08-12,36.1,24.2,29.2,39.3,24.2,31.7,22,67,28.997,100,12.5,rain,0,0,36.4,15.8,254.4,1008.6,85.1,19,252.6,21.9,9,,2017-08-12T05:58:58,2017-08-12T18:22:56,0.66,"Rain, Partially cloudy",Partly cloudy throughout the day with rain.,rain,"43421099999,43444099999,43422099999,remote,43418099999,43436099999"
Polonnaruwa,2017-08-13,37.6,23.7,29.2,41.4,23.7,32.2,22.7,69.8,2.258,100,8.33,rain,0,0,40.7,16.2,256.3,1009.1,87.1,19.3,219.9,19.1,9,,2017-08-13T05:58:58,2017-08-13T18:22:35,0.7,"Rain, Partially cloudy",Partly cloudy throughout the day with rain.,rain,"43421099999,43444099999,43422099999,remote,43418099999,43436099999"
Polonnaruwa,2017-08-14,35.1,24.3,27.8,38.4,24.3,29.8,23.3,78,5.691,100,20.83,rain,0,0,32,14.4,262.4,1010.4,99.2,19.6,203.7,17.6,7,,2017-08-14T05:58:59,2017-08-14T18:22:12,0.73,"Rain, Overcast",Cloudy skies throughout the day with a chance of rain throughout the day.,rain,"43421099999,43444099999,43422099999,remote,43418099999,43436099999"
Polonnaruwa,2017-08-15,35.5,24.2,29.2,37.2,24.2,30.9,21.9,67.9,0.423,100,4.17,rain,0,0,40.7,17.3,257.9,1009.6,93.8,20,253.9,22,9,,2017-08-15T05:58:58,2017-08-15T18:21:49,0.75,"Rain, Overcast",Cloudy skies throughout the day with morning rain.,rain,"43421099999,43444099999,43422099999,remote,43418099999,43436099999"
Polonnaruwa,2017-08-16,35.4,24.1,28.9,37.5,24.1,30.7,21.2,65.1,1.178,100,4.17,rain,0,0,51.5,24.5,250.4,1008.4,73.3,20,280.8,24,10,,2017-08-16T05:58:58,2017-08-16T18:21:26,0.8,"Rain, Partially cloudy",Partly cloudy throughout the day with morning rain.,rain,"43421099999,43444099999,43422099999,remote,43418099999,43436099999"
Polonnaruwa,2017-08-17,35.1,23.9,29,37.2,23.9,30.9,21.5,65.8,0.157,100,8.33,rain,0,0,58.7,26.6,245.6,1006.7,49.1,19.9,278.6,24.1,10,,2017-08-17T05:58:57,2017-08-17T18:21:01,0.84,"Rain, Partially cloudy",Partly cloudy throughout the day with late afternoon rain.,rain,"43421099999,43444099999,43422099999,remote,43418099999,43436099999"
Polonnaruwa,2017-08-18,33,25.4,28.6,36.5,25.4,31.5,22.9,72.1,4.299,100,29.17,rain,0,0,64.1,28.1,242.9,1005.8,89.5,19.7,197,17,8,,2017-08-18T05:58:55,2017-08-18T18:20:37,0.88,"Rain, Partially cloudy",Partly cloudy throughout the day with a chance of rain throughout the day.,rain,"43421099999,43444099999,43422099999,remote,43418099999,43436099999"
Polonnaruwa,2017-08-19,34.6,25.8,28.8,37.5,25.8,31.3,22.5,70.1,1.886,100,12.5,rain,0,0,65.9,27.7,245,1006.3,92.3,20,196.4,16.8,7,,2017-08-19T05:58:53,2017-08-19T18:20:11,0.91,"Rain, Overcast",Cloudy skies throughout the day with a chance of rain throughout the day.,rain,"43421099999,43444099999,43422099999,remote,43418099999,43436099999"
Polonnaruwa,2017-08-20,34.2,25.5,29.1,37,25.5,31.6,22.2,67.4,0.449,100,4.17,rain,0,0,68.8,29.2,246.2,1006.4,63.6,19.9,245.3,21.2,8,,2017-08-20T05:58:51,2017-08-20T18:19:45,0.95,"Rain, Partially cloudy",Partly cloudy throughout the day with early morning rain.,rain,"43421099999,43444099999,43422099999,remote,43418099999,43436099999"
Polonnaruwa,2017-08-21,35,26.4,29.8,38.1,26.4,32.7,22,64.3,0.655,100,4.17,rain,0,0,60.1,27.7,250.3,1006,73,20,235.7,20.3,9,,2017-08-21T05:58:48,2017-08-21T18:19:19,0.98,"Rain, Partially cloudy",Partly cloudy throughout the day with morning rain.,rain,"43421099999,43444099999,43422099999,remote,43418099999,43436099999"
Polonnaruwa,2017-08-22,33.4,26,29,36.7,26,31.6,22.2,67.7,0.017,100,4.17,rain,0,0,58.3,26.3,246.2,1006.1,87.7,19.9,147.9,12.9,8,,2017-08-22T05:58:45,2017-08-22T18:18:52,0,"Rain, Partially cloudy",Partly cloudy throughout the day with morning rain.,rain,"43421099999,43444099999,43422099999,remote,43418099999,43436099999"
Polonnaruwa,2017-08-23,36.6,25.4,29.2,41.1,25.4,32.1,22.7,69.7,7.712,100,4.17,rain,0,0,44.3,19.4,250.9,1006.5,86,20,218.9,18.9,9,,2017-08-23T05:58:41,2017-08-23T18:18:24,0.05,"Rain, Partially cloudy",Partly cloudy throughout the day with afternoon rain.,rain,"43421099999,43444099999,43422099999,remote,43418099999,43436099999"
Polonnaruwa,2017-08-24,35.3,25.4,29.4,40,25.4,32.4,22.7,68.3,4.277,100,12.5,rain,0,0,43.9,19.4,250.1,1006.4,88.5,19.6,243.1,20.9,9,,2017-08-24T05:58:38,2017-08-24T18:17:56,0.08,"Rain, Partially cloudy",Partly cloudy throughout the day with rain.,rain,"43421099999,43444099999,43422099999,remote,43418099999,43436099999"
Polonnaruwa,2017-08-25,35.7,25,30,40.6,25,33.4,22.7,66.4,0.3,100,4.17,rain,0,0,46.1,20.2,245.9,1006,65.8,20,248.7,21.4,10,,2017-08-25T05:58:33,2017-08-25T18:17:27,0.11,"Rain, Partially cloudy",Partly cloudy throughout the day with afternoon rain.,rain,"43421099999,43444099999,43422099999,remote,43418099999,43436099999"
Polonnaruwa,2017-08-26,35.8,25.1,30.2,38.7,25.1,33,21.7,62,0,0,0,,0,0,55.1,25.6,245.6,1004.9,29.2,20,298.2,25.7,10,,2017-08-26T05:58:29,2017-08-26T18:16:58,0.14,Partially cloudy,Partly cloudy throughout the day.,partly-cloudy-day,"43421099999,43444099999,43422099999,remote,43418099999,43436099999"
Polonnaruwa,2017-08-27,35.4,25.8,29.8,38.4,25.8,32.6,22.1,64.7,0.022,100,4.17,rain,0,0,65.9,30.2,247.6,1004.9,37.6,20,286.8,24.7,9,,2017-08-27T05:58:24,2017-08-27T18:16:29,0.18,"Rain, Partially cloudy",Partly cloudy throughout the day with late afternoon rain.,rain,"43421099999,43444099999,43422099999,remote,43418099999,43436099999"
Polonnaruwa,2017-08-28,35.3,25.4,29.3,38,25.4,31.9,22.2,67.1,0.498,100,12.5,rain,0,0,67.7,32.4,245.7,1004.9,87.5,19.9,248,21.3,9,,2017-08-28T05:58:19,2017-08-28T18:15:59,0.21,"Rain, Partially cloudy",Partly cloudy throughout the day with rain.,rain,"43421099999,43444099999,43422099999,remote,43418099999,43436099999"
Polonnaruwa,2017-08-29,34.3,25.9,29.1,37.8,25.9,31.7,22.6,69,3.113,100,29.17,rain,0,0,67.3,30.2,249.8,1005.9,70,19.9,235.6,20.4,9,,2017-08-29T05:58:13,2017-08-29T18:15:29,0.25,"Rain, Partially cloudy",Partly cloudy throughout the day with a chance of rain throughout the day.,rain,"43421099999,43444099999,43422099999,remote,43418099999,43436099999"
Polonnaruwa,2017-08-30,36.4,25.2,30.1,40.6,25.2,32.9,22.4,65.3,0.023,100,4.17,rain,0,0,45,22,249.3,1007,73.4,20,251.6,21.8,9,,2017-08-30T05:58:08,2017-08-30T18:14:58,0.27,"Rain, Partially cloudy",Partly cloudy throughout the day with late afternoon rain.,rain,"43421099999,43444099999,43422099999,remote,43418099999,43436099999"
Polonnaruwa,2017-08-31,37.4,25.4,29.9,41.7,25.4,33.5,23.3,69.9,13.015,100,12.5,rain,0,0,30.2,13.3,252.1,1007.9,84.8,19.3,261.1,22.5,9,,2017-08-31T05:58:02,2017-08-31T18:14:27,0.31,"Rain, Partially cloudy",Partly cloudy throughout the day with rain.,rain,"43421099999,43444099999,43422099999,remote,43418099999,43436099999"
Polonnaruwa,2017-09-01,33.3,24.7,27.9,40.6,24.7,30.7,24.4,82.5,15.277,100,20.83,rain,0,0,31.7,10.1,216.6,1008.3,67.3,20,254.1,21.8,9,,2017-09-01T05:57:55,2017-09-01T18:13:55,0.34,"Rain, Partially cloudy",Partly cloudy throughout the day with a chance of rain throughout the day.,rain,"43421099999,43444099999,43422099999,remote,43418099999,43436099999"
Anuradhapura,2017-05-01,36.1,23.4,29.6,40.8,23.4,32.7,23.2,70.6,27.797,100,12.5,rain,0,0,20.2,7.2,233,1010,61.2,19.8,257.6,22.2,9,,2017-05-01T05:52:54,2017-05-01T18:18:05,0.17,"Rain, Partially cloudy",Partly cloudy throughout the day with rain.,rain,"43424099999,43421099999,43415099999,43422099999,remote"
Anuradhapura,2017-05-02,34.8,24.4,28.9,40.3,24.4,31.8,23.3,73.6,2.574,100,12.5,rain,0,0,18.7,5.4,229.9,1011,49.3,20,255.8,22.3,9,,2017-05-02T05:52:36,2017-05-02T18:18:10,0.2,"Rain, Partially cloudy",Partly cloudy throughout the day with rain.,rain,"43424099999,43421099999,43415099999,43422099999,remote"
Anuradhapura,2017-05-03,33.9,24.6,29.2,37.4,24.6,31.7,22.7,70.3,0.011,100,4.17,rain,0,0,22,6.5,197.9,1011,82.7,20,255.1,22.1,8,,2017-05-03T05:52:18,2017-05-03T18:18:15,0.25,"Rain, Partially cloudy",Partly cloudy throughout the day with morning rain.,rain,"43424099999,43421099999,43415099999,43422099999,remote"
Anuradhapura,2017-05-04,39,25.8,30.2,49.2,25.8,34.6,24,71.2,0.175,100,4.17,rain,0,0,23,5,216.4,1010.6,37.3,20,268.4,23.3,9,,2017-05-04T05:52:01,2017-05-04T18:18:21,0.27,"Rain, Partially cloudy",Becoming cloudy in the afternoon with afternoon rain.,rain,"43424099999,43421099999,43415099999,43422099999,remote"
Anuradhapura,2017-05-05,36.9,25.9,30,41.6,25.9,34.3,24.2,72.7,0.023,100,8.33,rain,0,0,23.4,6.1,170.5,1010.6,51.1,20,267.8,23.2,9,,2017-05-05T05:51:44,2017-05-05T18:18:27,0.3,"Rain, Partially cloudy",Partly cloudy throughout the day with rain in the morning and afternoon.,rain,"43424099999,43421099999,43415099999,43422099999,remote"
Anuradhapura,2017-05-06,35.5,23.5,28.2,42,23.5,31.6,24.4,81,57.241,100,12.5,rain,0,0,29.9,9,214.2,1011.5,56.9,20,246.9,21.5,9,,2017-05-06T05:51:29,2017-05-06T18:18:33,0.34,"Rain, Partially cloudy",Becoming cloudy in the afternoon with rain.,rain,"43424099999,43421099999,43415099999,43422099999,remote"
Anuradhapura,2017-05-07,34.8,23.7,27.4,40.7,23.7,29.4,23.8,82.5,64.986,100,16.67,rain,0,0,23,8.6,226.1,1011.5,62.9,20,239.1,20.7,8,,2017-05-07T05:51:14,2017-05-07T18:18:40,0.37,"Rain, Partially cloudy",Partly cloudy throughout the day with rain.,rain,"43424099999,43421099999,43415099999,43422099999,remote"
Anuradhapura,2017-05-08,33.6,23.6,27.6,40.7,23.6,30.6,24,81.9,0.147,100,4.17,rain,0,0,32.8,11.2,230.7,1010.6,62.4,20,239.6,20.7,9,,2017-05-08T05:50:59,2017-05-08T18:18:47,0.41,"Rain, Partially cloudy",Partly cloudy throughout the day with morning rain.,rain,"43424099999,43421099999,43415099999,43422099999,remote"
Anuradhapura,2017-05-09,34.1,25.1,28.7,41.8,25.1,32.3,24.5,79.2,2.899,100,12.5,rain,0,0,32,13.7,223.2,1009.2,49.6,19.8,244.1,21.2,8,,2017-05-09T05:50:46,2017-05-09T18:18:55,0.44,"Rain, Partially cloudy",Partly cloudy throughout the day with rain.,rain,"43424099999,43421099999,43415099999,43422099999,remote"
Anuradhapura,2017-05-10,35.1,24.6,28.8,42.4,24.6,32.6,24.2,77.5,0.009,100,8.33,rain,0,0,34.6,15.8,218.6,1009.2,62,20,248,21.5,8,,2017-05-10T05:50:33,2017-05-10T18:19:03,0.48,"Rain, Partially cloudy",Partly cloudy throughout the day with rain.,rain,"43424099999,43421099999,43415099999,43422099999,remote"
Anuradhapura,2017-05-11,33.7,25.1,28.6,41,25.1,32.4,24.6,79.5,1.156,100,12.5,rain,0,0,30.2,12.2,217.9,1009.3,66.1,20,231.3,20.1,8,,2017-05-11T05:50:21,2017-05-11T18:19:11,0.5,"Rain, Partially cloudy",Partly cloudy throughout the day with rain in the morning and afternoon.,rain,"43424099999,43421099999,43415099999,43422099999,remote"
Anuradhapura,2017-05-12,34.4,25.2,28.8,41.5,25.2,32.2,24.5,79.2,13.056,100,8.33,rain,0,0,24.8,10.8,206.1,1009.1,74.1,20,243.9,21.1,9,,2017-05-12T05:50:09,2017-05-12T18:19:20,0.55,"Rain, Partially cloudy",Partly cloudy throughout the day with late afternoon rain.,rain,"43424099999,43421099999,43415099999,43422099999,remote"
Anuradhapura,2017-05-13,34.2,24.9,28.9,43,24.9,33.1,25,80.1,4.242,100,8.33,rain,0,0,28.8,11.5,227.6,1008.4,44.7,20,237.4,20.6,8,,2017-05-13T05:49:59,2017-05-13T18:19:30,0.58,"Rain, Partially cloudy",Partly cloudy throughout the day with rain in the morning and afternoon.,rain,"43424099999,43421099999,43415099999,43422099999,remote"
Anuradhapura,2017-05-14,34,26.2,29.1,42.5,26.2,33.7,25,79.6,0.001,100,4.17,rain,0,0,47.5,21.6,227,1008,77.6,20,233.4,20.3,8,,2017-05-14T05:49:49,2017-05-14T18:19:39,0.61,"Rain, Partially cloudy",Partly cloudy throughout the day with morning rain.,rain,"43424099999,43421099999,43415099999,43422099999,remote"
Anuradhapura,2017-05-15,33.5,26,29.2,40.5,26,33.8,24.9,78.7,0.4,100,8.33,rain,0,0,54,27,232.8,1007.2,81,20,238.6,20.7,8,,2017-05-15T05:49:39,2017-05-15T18:19:49,0.65,"Rain, Partially cloudy",Partly cloudy throughout the day with afternoon rain.,rain,"43424099999,43421099999,43415099999,43422099999,remote"
Anuradhapura,2017-05-16,32.5,26.5,29.3,40.3,26.5,34.5,25,78.2,0.6,100,8.33,rain,0,0,48.2,24.1,226.4,1006.6,81,20,239.1,20.6,8,,2017-05-16T05:49:31,2017-05-16T18:20:00,0.68,"Rain, Partially cloudy",Partly cloudy throughout the day with afternoon rain.,rain,"43424099999,43421099999,43415099999,43422099999,remote"
Anuradhapura,2017-05-17,33.6,26.6,29.6,40.2,26.6,34.6,24.8,76.5,0.1,100,4.17,rain,0,0,51.5,25.6,230.7,1006.6,73.3,20,263.9,22.9,9,,2017-05-17T05:49:23,2017-05-17T18:20:11,0.71,"Rain, Partially cloudy",Partly cloudy throughout the day with morning rain.,rain,"43424099999,43421099999,43415099999,43422099999,remote"
Anuradhapura,2017-05-18,33.4,26.4,28.9,41.2,26.4,33.5,24.9,79.5,0.002,100,4.17,rain,0,0,59.8,27.4,226.2,1007.9,82.5,21,233.3,20.2,9,,2017-05-18T05:49:16,2017-05-18T18:20:22,0.75,"Rain, Partially cloudy",Partly cloudy throughout the day with afternoon rain.,rain,"43424099999,43421099999,43415099999,43422099999,remote"
Anuradhapura,2017-05-19,34,26.1,29,39.8,26.1,32.8,24.4,77.2,0.2,100,4.17,rain,0,0,51.5,23.8,229.7,1008.6,90.8,20,251.4,21.7,9,,2017-05-19T05:49:10,2017-05-19T18:20:34,0.75,"Rain, Overcast",Cloudy skies throughout the day with afternoon rain.,rain,"43424099999,43421099999,43415099999,43422099999,remote"
Anuradhapura,2017-05-20,33.8,26.7,29.3,42,26.7,34.5,25,78.1,0.5,100,4.17,rain,0,0,57.2,26.6,227.6,1007.7,92,20,232.7,20,8,,2017-05-20T05:49:05,2017-05-20T18:20:45,0.81,"Rain, Overcast",Cloudy skies throughout the day with afternoon rain.,rain,"43424099999,43421099999,43415099999,43422099999,remote"
Anuradhapura,2017-05-21,32.3,25.8,28.8,38.6,25.8,32.8,24.5,78.4,0.5,100,8.33,rain,0,0,49,22.3,223.7,1006.5,95.4,20,210.1,18.4,8,,2017-05-21T05:49:00,2017-05-21T18:20:58,0.85,"Rain, Overcast",Cloudy skies throughout the day with afternoon rain.,rain,"43424099999,43421099999,43415099999,43422099999,remote"
Anuradhapura,2017-05-22,32.6,26,28.6,39.9,26,32.7,25.1,82.1,1.8,100,29.17,rain,0,0,47.5,23.8,223.1,1006.8,87.9,20,186.8,16.2,8,,2017-05-22T05:48:56,2017-05-22T18:21:10,0.88,"Rain, Partially cloudy",Partly cloudy throughout the day with a chance of rain throughout the day.,rain,"43424099999,43421099999,43415099999,43422099999,remote"
Anuradhapura,2017-05-23,31.6,26.5,28.3,38.1,26.5,32.2,24.8,81.8,8.665,100,8.33,rain,0,0,43.6,22.7,222.9,1007.4,89.7,20,161.5,13.9,6,,2017-05-23T05:48:53,2017-05-23T18:21:23,0.91,"Rain, Partially cloudy",Partly cloudy throughout the day with rain.,rain,"43424099999,43421099999,43415099999,43422099999,remote"
Anuradhapura,2017-05-24,32.8,22.1,27.4,38.1,22.1,30.3,23.9,81.9,50.273,100,12.5,rain,0,0,56.9,27.7,226.1,1006.9,91.3,20,201.5,17.4,9,,2017-05-24T05:48:50,2017-05-24T18:21:36,0.95,"Rain, Overcast",Cloudy skies throughout the day with rain.,rain,"43424099999,43421099999,43415099999,43422099999,remote"
Anuradhapura,2017-05-25,31.8,24.3,27.6,39.5,24.3,31,24.3,82.9,0.027,100,4.17,rain,0,0,57.6,26.6,225.8,1006.4,92.3,20,188.7,16.2,7,,2017-05-25T05:48:49,2017-05-25T18:21:49,0.98,"Rain, Overcast",Cloudy skies throughout the day with morning rain.,rain,"43424099999,43421099999,43415099999,43422099999,remote"
Anuradhapura,2017-05-26,31,25.7,27.8,38.3,25.7,30.8,24.6,83.1,0.4,100,16.67,rain,0,0,60.1,29.5,228.2,1006.4,92.4,20,174.5,15.2,6,,2017-05-26T05:48:48,2017-05-26T18:22:03,0,"Rain, Overcast",Cloudy skies throughout the day with rain in the morning and afternoon.,rain,"43424099999,43421099999,43415099999,43422099999,remote"
Anuradhapura,2017-05-27,32.1,26.5,28.7,39.6,26.5,33.2,24.8,79.8,0.9,100,25,rain,0,0,61.6,28.8,232.5,1006.3,83.4,20,231.7,20,8,,2017-05-27T05:48:47,2017-05-27T18:22:17,0.05,"Rain, Partially cloudy",Partly cloudy throughout the day with rain in the morning and afternoon.,rain,"43424099999,43421099999,43415099999,43422099999,remote"
Anuradhapura,2017-05-28,32,26.6,28.9,38,26.6,33.2,24.6,78.5,0.002,100,4.17,rain,0,0,63.7,32.4,233.7,1006.4,90.1,20,226.7,19.6,8,,2017-05-28T05:48:48,2017-05-28T18:22:31,0.08,"Rain, Overcast",Cloudy skies throughout the day with morning rain.,rain,"43424099999,43421099999,43415099999,43422099999,remote"
Anuradhapura,2017-05-29,33.3,26.9,29,39.9,30.1,33.4,24.2,76.2,1.5,100,16.67,rain,0,0,62.6,28.1,235.2,1006.2,89.9,18.8,235.4,20.3,7,,2017-05-29T05:48:49,2017-05-29T18:22:45,0.12,"Rain, Partially cloudy",Partly cloudy throughout the day with afternoon rain.,rain,"43424099999,43421099999,43415099999,43422099999,remote"
Anuradhapura,2017-05-30,31.6,25.5,27.7,34.7,25.5,30.2,23.7,79.4,0.005,100,4.17,rain,0,0,60.1,30.2,230.6,1006.9,96.3,19.4,136.1,11.8,5,,2017-05-30T05:48:51,2017-05-30T18:23:00,0.15,"Rain, Overcast",Cloudy skies throughout the day with morning rain.,rain,"43424099999,43421099999,43415099999,43422099999,remote"
Anuradhapura,2017-05-31,31.8,25.3,28,36.2,25.3,30.8,24,79.5,0.028,100,8.33,rain,0,0,59.8,29.2,226.8,1006.9,70.3,20,217.7,18.9,8,,2017-05-31T05:48:53,2017-05-31T18:23:14,0.18,"Rain, Partially cloudy",Partly cloudy throughout the day with rain clearing later.,rain,"43424099999,43421099999,43415099999,43422099999,remote"
Anuradhapura,2017-06-01,32.2,25.6,28.3,39,25.6,31.5,24.2,79.1,1,100,12.5,rain,0,0,54,25.2,234.7,1006.7,70.8,20,239.3,20.6,8,,2017-06-01T05:48:56,2017-06-01T18:23:29,0.25,"Rain, Partially cloudy",Partly cloudy throughout the day with rain in the morning and afternoon.,rain,"43424099999,43421099999,43415099999,43422099999,remote"
Anuradhapura,2017-06-02,32.6,25.6,28.5,38.5,25.6,31.7,23.9,76.9,0.8,100,16.67,rain,0,0,63,29.9,233.5,1007.7,74.5,20,244.5,21.1,9,,2017-06-02T05:49:00,2017-06-02T18:23:44,0.25,"Rain, Partially cloudy",Partly cloudy throughout the day with rain in the morning and afternoon.,rain,"43424099999,43421099999,43415099999,43422099999,remote"
Anuradhapura,2017-06-03,31.8,25.9,28.3,37.2,25.9,31.5,24.1,78.9,0.013,100,4.17,rain,0,0,60.1,25.9,236.1,1008.8,94.4,20,177,15.4,6,,2017-06-03T05:49:04,2017-06-03T18:23:59,0.29,"Rain, Overcast",Cloudy skies throughout the day with morning rain.,rain,"43424099999,43421099999,43415099999,43422099999,remote"
Anuradhapura,2017-06-04,33.8,26.4,29.2,40.8,26.4,33.1,24.2,75.3,0.6,100,8.33,rain,0,0,59.4,25.9,233,1008.2,56.1,20,239.5,20.8,8,,2017-06-04T05:49:09,2017-06-04T18:24:14,0.32,"Rain, Partially cloudy",Partly cloudy throughout the day with afternoon rain.,rain,"43424099999,43421099999,43415099999,43422099999,remote"
Anuradhapura,2017-06-05,33.8,26.4,29,39.8,26.4,32.9,24.2,76.1,0.5,100,12.5,rain,0,0,59.8,27.7,231.1,1008.2,68.3,20,230.3,19.8,8,,2017-06-05T05:49:15,2017-06-05T18:24:30,0.35,"Rain, Partially cloudy",Partly cloudy throughout the day with rain in the morning and afternoon.,rain,"43424099999,43421099999,43415099999,43422099999,remote"
Anuradhapura,2017-06-06,32.4,25.9,28.7,38.3,25.9,31.9,23.8,75.7,0.6,100,12.5,rain,0,0,60.1,27.4,231,1008.7,76.2,20,233.2,20.1,8,,2017-06-06T05:49:21,2017-06-06T18:24:45,0.39,"Rain, Partially cloudy",Partly cloudy throughout the day with afternoon rain.,rain,"43424099999,43421099999,43415099999,43422099999,remote"
Anuradhapura,2017-06-07,31.8,25.6,27.9,36.4,25.6,30.5,23.9,79.3,3.9,100,25,rain,0,0,52.9,25.2,235.8,1009.3,97,20,161.6,14,5,,2017-06-07T05:49:28,2017-06-07T18:25:00,0.42,"Rain, Overcast",Cloudy skies throughout the day with rain in the morning and afternoon.,rain,"43424099999,43421099999,43415099999,43422099999,remote"
Anuradhapura,2017-06-08,34.8,25.6,29,40,25.6,32.3,23.8,75.1,0.67,100,8.33,rain,0,0,50,21.6,232.8,1008,79.7,20,236.5,20.4,8,,2017-06-08T05:49:35,2017-06-08T18:25:15,0.46,"Rain, Partially cloudy",Partly cloudy throughout the day with rain.,rain,"43424099999,43421099999,43415099999,43422099999,remote"
Anuradhapura,2017-06-09,32.6,26.2,28.9,37.8,26.2,32.3,23.6,74.2,0.2,100,8.33,rain,0,0,58.7,28.1,234,1007.7,72.2,20,224.4,19.5,8,,2017-06-09T05:49:43,2017-06-09T18:25:31,0.5,"Rain, Partially cloudy",Partly cloudy throughout the day with afternoon rain.,rain,"43424099999,43421099999,43415099999,43422099999,remote"
Anuradhapura,2017-06-10,32.1,26.2,28.7,36.7,26.2,31.9,23.5,74.1,0.4,100,16.67,rain,0,0,65.2,29.5,234.3,1007.9,88,20,251,21.8,8,,2017-06-10T05:49:52,2017-06-10T18:25:46,0.52,"Rain, Partially cloudy",Partly cloudy throughout the day with rain in the morning and afternoon.,rain,"43424099999,43421099999,43415099999,43422099999,remote"
Anuradhapura,2017-06-11,33.3,25.7,28.4,37.8,25.7,30.8,23.4,75.5,0.5,100,16.67,rain,0,0,63.7,25.6,230.4,1008.2,92.3,20,242.8,20.8,8,,2017-06-11T05:50:01,2017-06-11T18:26:01,0.56,"Rain, Overcast",Cloudy skies throughout the day with rain in the morning and afternoon.,rain,"43424099999,43421099999,43415099999,43422099999,remote"
Anuradhapura,2017-06-12,33.8,25.4,28.7,39.5,25.4,31.5,23.7,75.7,0.3,100,8.33,rain,0,0,54,24.5,232.5,1007.8,87.1,20,256.3,22.1,9,,2017-06-12T05:50:10,2017-06-12T18:26:16,0.59,"Rain, Partially cloudy",Partly cloudy throughout the day with afternoon rain.,rain,"43424099999,43421099999,43415099999,43422099999,remote"
Anuradhapura,2017-06-13,33.9,25.8,29,39.4,25.8,32.4,23.8,74.6,0.5,100,12.5,rain,0,0,52.2,23.8,226.6,1007.6,64.1,20,239.3,20.7,9,,2017-06-13T05:50:20,2017-06-13T18:26:31,0.63,"Rain, Partially cloudy",Partly cloudy throughout the day with rain in the morning and afternoon.,rain,"43424099999,43421099999,43415099999,43422099999,remote"
Anuradhapura,2017-06-14,33.8,25.6,28.7,39.6,25.6,31.7,23.9,76.3,0.8,100,20.83,rain,0,0,52.2,23,224,1008.6,65.2,20,213,18.4,8,,2017-06-14T05:50:30,2017-06-14T18:26:46,0.66,"Rain, Partially cloudy",Partly cloudy throughout the day with rain in the morning and afternoon.,rain,"43424099999,43421099999,43415099999,43422099999,remote"
Anuradhapura,2017-06-15,32,25,28.2,38.4,25,31.3,23.9,78.3,0.9,100,20.83,rain,0,0,50,24.1,221.7,1009,81,20,214.8,18.5,8,,2017-06-15T05:50:41,2017-06-15T18:27:00,0.7,"Rain, Partially cloudy",Partly cloudy throughout the day with rain in the morning and afternoon.,rain,"43424099999,43421099999,43415099999,43422099999,remote"
Anuradhapura,2017-06-16,33.3,25.3,28.5,39.8,25.3,31.1,23.6,76,1.3,100,20.83,rain,0,0,51.8,24.1,221.5,1008.6,70.9,20,222.6,19.3,7,,2017-06-16T05:50:52,2017-06-16T18:27:15,0.73,"Rain, Partially cloudy",Partly cloudy throughout the day with rain in the morning and afternoon.,rain,"43424099999,43421099999,43415099999,43422099999,remote"
Anuradhapura,2017-06-17,34.8,25,29,41.5,25,32.7,24,75.4,1.3,100,16.67,rain,0,0,46.8,22.7,226.6,1008.1,49,20,235.8,20.6,8,,2017-06-17T05:51:04,2017-06-17T18:27:29,0.75,"Rain, Partially cloudy",Partly cloudy throughout the day with rain in the morning and afternoon.,rain,"43424099999,43421099999,43415099999,43422099999,remote"
Anuradhapura,2017-06-18,32.9,25.7,28.8,37.5,25.7,32.1,24,76.7,0.7,100,16.67,rain,0,0,50.4,23,225.8,1007.8,72.4,20,234.3,20.3,9,,2017-06-18T05:51:16,2017-06-18T18:27:43,0.8,"Rain, Partially cloudy",Partly cloudy throughout the day with afternoon rain.,rain,"43424099999,43421099999,remote"
Anuradhapura,2017-06-19,34,26,28.6,39,26,32,24.2,78.2,1.1,100,20.83,rain,0,0,56.2,25.9,226.9,1007.5,83.3,20,220.6,19.3,8,,2017-06-19T05:51:28,2017-06-19T18:27:56,0.83,"Rain, Partially cloudy",Partly cloudy throughout the day with rain in the morning and afternoon.,rain,"43424099999,43421099999,43415099999,43422099999,remote"
Anuradhapura,2017-06-20,34.3,25.7,28.7,40.2,25.7,32,24.1,77,1.2,100,20.83,rain,0,0,53.6,24.5,224.6,1008,85.8,20,219.4,18.9,7,,2017-06-20T05:51:41,2017-06-20T18:28:10,0.87,"Rain, Partially cloudy",Partly cloudy throughout the day with rain in the morning and afternoon.,rain,"43424099999,43421099999,43415099999,43422099999,remote"
Anuradhapura,2017-06-21,33.3,25.6,28.8,37.9,25.6,32,23.7,75.1,0.6,100,12.5,rain,0,0,56.5,24.5,228.1,1008.6,82.3,20,217.4,18.7,7,,2017-06-21T05:51:53,2017-06-21T18:28:23,0.9,"Rain, Partially cloudy",Partly cloudy throughout the day with afternoon rain.,rain,"43424099999,43421099999,43415099999,43422099999,remote"
Anuradhapura,2017-06-22,34.3,25.9,29,39.3,25.9,32.3,23.8,74.6,1.2,100,8.33,rain,0,0,58,25.6,228.1,1008.9,72.1,20,250.3,21.7,9,,2017-06-22T05:52:07,2017-06-22T18:28:36,0.94,"Rain, Partially cloudy",Partly cloudy throughout the day with afternoon rain.,rain,"43424099999,43421099999,43415099999,43422099999,remote"
Anuradhapura,2017-06-23,32.8,25.8,28.5,38.6,25.8,31.7,24,77.4,0.003,100,4.17,rain,0,0,63.4,28.4,227.1,1008.6,76.6,20,226.2,19.5,8,,2017-06-23T05:52:20,2017-06-23T18:28:48,0.97,"Rain, Partially cloudy",Partly cloudy throughout the day with early morning rain.,rain,"43424099999,43421099999,43415099999,43422099999,remote"
Anuradhapura,2017-06-24,31.1,25.5,27.5,36.5,25.5,29.5,23.8,80.5,0.006,100,4.17,rain,0,0,66.6,29.9,227.2,1007.5,83,20,202.2,17.3,7,,2017-06-24T05:52:34,2017-06-24T18:29:00,0,"Rain, Partially cloudy",Partly cloudy throughout the day with morning rain.,rain,"43424099999,43421099999,43415099999,43422099999,remote"
Anuradhapura,2017-06-25,30.3,26.1,27.4,35.4,26.1,29.5,24,81.6,3.5,100,25,rain,0,0,61.9,27.7,225.2,1007,92.2,20,143.9,12.4,6,,2017-06-25T05:52:47,2017-06-25T18:29:12,0.04,"Rain, Overcast",Cloudy skies throughout the day with rain.,rain,"43424099999,43421099999,43415099999,43422099999,remote"
Anuradhapura,2017-06-26,30.2,25.8,27.5,34,25.8,29.6,23.8,80.7,0.923,100,16.67,rain,0,0,66.2,30.2,232,1008.1,92.2,20,205.6,17.7,7,,2017-06-26T05:53:01,2017-06-26T18:29:23,0.07,"Rain, Overcast",Cloudy skies throughout the day with rain in the morning and afternoon.,rain,"43424099999,43421099999,43415099999,43422099999,remote"
Anuradhapura,2017-06-27,30.7,24.9,27.3,36,24.9,29.3,23.5,80.7,5.269,100,20.83,rain,0,0,69.8,29.2,238.2,1009.2,89.7,20,229.5,19.8,8,,2017-06-27T05:53:15,2017-06-27T18:29:34,0.11,"Rain, Partially cloudy",Partly cloudy throughout the day with a chance of rain throughout the day.,rain,"43424099999,43421099999,43415099999,43422099999,remote"
Anuradhapura,2017-06-28,32.8,24.3,28.2,37,24.3,30.7,23.1,75,0.008,100,4.17,rain,0,0,69.5,28.1,237.2,1008.9,92.6,20,226.3,19.4,8,,2017-06-28T05:53:30,2017-06-28T18:29:44,0.14,"Rain, Overcast",Cloudy skies throughout the day with morning rain.,rain,"43424099999,43421099999,43415099999,43422099999,remote"
Anuradhapura,2017-06-29,34.3,25.5,29,39.3,25.5,31.7,23.4,73.3,0.1,100,4.17,rain,0,0,54.4,22.7,232.8,1008.1,58.3,20,225.2,19.3,8,,2017-06-29T05:53:44,2017-06-29T18:29:54,0.17,"Rain, Partially cloudy",Partly cloudy throughout the day with afternoon rain.,rain,"43424099999,43421099999,43415099999,43422099999,remote"
Anuradhapura,2017-06-30,34.1,26.1,29.5,38.8,26.1,32.9,23.8,72.9,0.3,100,4.17,rain,0,0,48.2,20.9,229.4,1007.1,51.5,20,270.1,23.4,9,,2017-06-30T05:53:58,2017-06-30T18:30:03,0.2,"Rain, Partially cloudy",Partly cloudy throughout the day with afternoon rain.,rain,"43424099999,43421099999,43415099999,43422099999,remote"
Anuradhapura,2017-07-01,34,26.2,29,39.2,26.2,32.4,23.7,74.3,0.3,100,8.33,rain,0,0,47.9,21.2,227.3,1007.1,73.5,20,208.9,17.9,7,,2017-07-01T05:54:13,2017-07-01T18:30:12,0.25,"Rain, Partially cloudy",Partly cloudy throughout the day with afternoon rain.,rain,"43424099999,43421099999,43415099999,43422099999,remote"
Anuradhapura,2017-07-02,34.7,25.7,29.1,40.6,25.7,32.3,23.7,74.2,0.3,100,8.33,rain,0,0,42.1,19.4,222.8,1007.6,64.6,20,233,20.2,8,,2017-07-02T05:54:27,2017-07-02T18:30:20,0.27,"Rain, Partially cloudy",Partly cloudy throughout the day with afternoon rain.,rain,"43424099999,43421099999,43415099999,43422099999,remote"
Anuradhapura,2017-07-03,34.6,26.1,29.4,40.9,26.1,32.5,23.4,71.8,0.4,100,4.17,rain,0,0,46.8,20.2,230.2,1008.3,45,20,236.4,20.5,8,,2017-07-03T05:54:42,2017-07-03T18:30:28,0.3,"Rain, Partially cloudy",Partly cloudy throughout the day with afternoon rain.,rain,"43424099999,43421099999,43415099999,43422099999,remote"
Anuradhapura,2017-07-04,36,25.7,29.8,39.9,25.7,33.1,23.1,69.3,0.9,100,8.33,rain,0,0,40.3,17.6,222.4,1008.4,51.6,20,252,22,9,,2017-07-04T05:54:56,2017-07-04T18:30:35,0.34,"Rain, Partially cloudy",Partly cloudy throughout the day with afternoon rain.,rain,"43424099999,43421099999,43415099999,43422099999,remote"
Anuradhapura,2017-07-05,35.1,26.3,29.5,40.3,26.3,32.7,23.3,71,0.3,100,4.17,rain,0,0,45.7,18.7,222.4,1008.8,80.5,20,248,21.4,8,,2017-07-05T05:55:10,2017-07-05T18:30:41,0.37,"Rain, Partially cloudy",Partly cloudy throughout the day with afternoon rain.,rain,"43424099999,43421099999,43415099999,43422099999,remote"
Anuradhapura,2017-07-06,35,26.3,29.3,39.7,26.3,32.4,23.5,72.7,0.8,100,4.17,rain,0,0,47.2,20.9,229.7,1008.6,87.4,20,207.7,17.8,8,,2017-07-06T05:55:25,2017-07-06T18:30:47,0.4,"Rain, Partially cloudy",Partly cloudy throughout the day with afternoon rain.,rain,"43424099999,43421099999,43415099999,43422099999,remote"
Anuradhapura,2017-07-07,33.6,25.8,28.8,39.1,25.8,31.8,23.6,74.6,0.6,100,8.33,rain,0,0,46.4,20.9,231,1008.5,88.3,20,211.1,18.2,8,,2017-07-07T05:55:39,2017-07-07T18:30:52,0.44,"Rain, Partially cloudy",Partly cloudy throughout the day with rain.,rain,"43424099999,43421099999,43415099999,43422099999,remote"
Anuradhapura,2017-07-08,33.8,26.1,28.7,40,26.1,31.9,23.9,76.2,4.3,100,16.67,rain,0,0,44.6,22.3,227,1008.6,86.8,20,210.1,18.2,9,,2017-07-08T05:55:53,2017-07-08T18:30:57,0.47,"Rain, Partially cloudy",Partly cloudy throughout the day with afternoon rain.,rain,"43424099999,43421099999,43415099999,43422099999,remote"
Anuradhapura,2017-07-09,32.4,25.7,27.9,37.8,25.7,30,23.4,77.3,0.069,100,4.17,rain,0,0,57.6,25.9,223.6,1008.8,86.8,20,216.7,18.6,9,,2017-07-09T05:56:07,2017-07-09T18:31:00,0.5,"Rain, Partially cloudy",Partly cloudy throughout the day with morning rain.,rain,"43424099999,43421099999,43415099999,43422099999,remote"
Anuradhapura,2017-07-10,32.9,24.8,27.9,35.7,24.8,29.8,22.5,73.5,0.9,100,12.5,rain,0,0,56.9,24.5,228.4,1008.9,83.6,20,220.9,19.1,8,,2017-07-10T05:56:21,2017-07-10T18:31:04,0.54,"Rain, Partially cloudy",Partly cloudy throughout the day with afternoon rain.,rain,"43424099999,43421099999,43415099999,43422099999,remote"
Anuradhapura,2017-07-11,33.2,25.4,28.9,37.8,25.4,31.2,22.9,71.2,0.2,100,8.33,rain,0,0,55.4,24.5,234.5,1008.8,61.9,20,246.5,21.2,9,,2017-07-11T05:56:35,2017-07-11T18:31:06,0.57,"Rain, Partially cloudy",Partly cloudy throughout the day with afternoon rain.,rain,"43424099999,43421099999,43415099999,43422099999,remote"
Anuradhapura,2017-07-12,34,25.6,28.5,38.9,25.6,31,23.6,76.1,5.775,100,8.33,rain,0,0,38.2,15.5,223.2,1008.5,75.8,20,208.5,18.1,8,,2017-07-12T05:56:48,2017-07-12T18:31:08,0.61,"Rain, Partially cloudy",Partly cloudy throughout the day with afternoon rain.,rain,"43424099999,43421099999,43415099999,43422099999,remote"
Anuradhapura,2017-07-13,33.5,25.7,28.8,38,25.7,31.6,23.3,73.3,1,100,12.5,rain,0,0,50.8,23.4,225.6,1008.6,87.9,20,242.3,20.9,9,,2017-07-13T05:57:02,2017-07-13T18:31:09,0.64,"Rain, Partially cloudy",Partly cloudy throughout the day with rain.,rain,"43424099999,43421099999,43415099999,43422099999,remote"
Anuradhapura,2017-07-14,33.3,25.9,28.9,37.7,25.9,31.4,23.1,72,0,0,0,,0,0,57.2,24.8,234.7,1009,82.6,20,231,19.8,8,,2017-07-14T05:57:15,2017-07-14T18:31:09,0.68,Partially cloudy,Partly cloudy throughout the day.,partly-cloudy-day,"43424099999,43421099999,43415099999,43422099999,remote"
Anuradhapura,2017-07-15,33.9,26.1,29,38.7,26.1,32.2,23.3,72.6,0.1,100,4.17,rain,0,0,59.4,26.3,231.3,1009.1,91.4,20,200.6,17.3,8,,2017-07-15T05:57:27,2017-07-15T18:31:09,0.71,"Rain, Overcast",Cloudy skies throughout the day with afternoon rain.,rain,"43424099999,43421099999,43415099999,remote"
Anuradhapura,2017-07-16,34.3,26.4,29.1,39.3,26.4,32.4,23.2,71.5,0.4,100,8.33,rain,0,0,60.5,25.9,233.7,1008.1,88.7,20,248.6,21.4,9,,2017-07-16T05:57:40,2017-07-16T18:31:08,0.75,"Rain, Partially cloudy",Partly cloudy throughout the day with afternoon rain.,rain,"43424099999,43421099999,43415099999,43422099999,remote"
Anuradhapura,2017-07-17,33.6,26.3,29.2,37.5,26.3,32.3,23,70.5,0.5,100,8.33,rain,0,0,67.3,27,234.6,1007.4,93.5,20,246.4,21.4,9,,2017-07-17T05:57:52,2017-07-17T18:31:06,0.75,"Rain, Overcast",Cloudy skies throughout the day with afternoon rain.,rain,"43424099999,43421099999,43415099999,43422099999,remote"
Anuradhapura,2017-07-18,32.2,26.6,28.8,36.6,26.6,31.7,22.9,71.5,0.6,100,16.67,rain,0,0,65.9,28.1,233.1,1007.7,87.9,20,221.9,19.1,8,,2017-07-18T05:58:04,2017-07-18T18:31:03,0.82,"Rain, Partially cloudy",Partly cloudy throughout the day with rain in the morning and afternoon.,rain,"43424099999,43421099999,43415099999,43422099999,remote"
Anuradhapura,2017-07-19,33.8,25.1,28.2,37.7,25.1,30.9,23.2,75.4,0.006,100,4.17,rain,0,0,65.5,26.3,230.3,1008,64.1,20,213.4,18.4,8,,2017-07-19T05:58:16,2017-07-19T18:31:00,0.85,"Rain, Partially cloudy",Partly cloudy throughout the day with morning rain.,rain,"43424099999,43421099999,43415099999,43422099999,remote"
Anuradhapura,2017-07-20,33.9,25.6,29.4,38.7,25.6,32.5,23.5,72.4,0.008,100,4.17,rain,0,0,55.1,23,231.2,1007.6,51.8,20,258.1,22.1,9,,2017-07-20T05:58:27,2017-07-20T18:30:56,0.89,"Rain, Partially cloudy",Partly cloudy throughout the day with morning rain.,rain,"43424099999,43421099999,43415099999,43422099999,remote"
Anuradhapura,2017-07-21,35.3,25.4,29.2,40.6,25.4,32.2,23.3,72.3,0.5,100,12.5,rain,0,0,58.7,26.3,234.4,1008.2,65.3,20,235.9,20.3,9,,2017-07-21T05:58:38,2017-07-21T18:30:51,0.92,"Rain, Partially cloudy",Partly cloudy throughout the day with rain in the morning and afternoon.,rain,"43424099999,43421099999,43415099999,43422099999,remote"
Anuradhapura,2017-07-22,34.1,26.2,29.9,39.7,26.2,33.6,23.7,70.7,0.3,100,8.33,rain,0,0,42.8,19.8,229,1008,73.2,20,219.6,19,8,,2017-07-22T05:58:49,2017-07-22T18:30:45,0.96,"Rain, Partially cloudy",Partly cloudy throughout the day with rain in the morning and afternoon.,rain,"43424099999,43421099999,43415099999,43422099999,remote"
Anuradhapura,2017-07-23,34.6,26.6,29.7,41.2,26.6,33.9,23.9,72.4,0.4,100,8.33,rain,0,0,51.8,23,224.9,1007.6,77.9,20,248.9,21.6,9,,2017-07-23T05:58:59,2017-07-23T18:30:38,0,"Rain, Partially cloudy",Partly cloudy throughout the day with afternoon rain.,rain,"43424099999,43421099999,43415099999,43422099999,remote"
Anuradhapura,2017-07-24,35.8,26.4,30.1,40.7,26.4,33.9,23.5,69.7,0.7,100,8.33,rain,0,0,47.5,20.2,222.6,1007.4,62.8,20,250.8,21.6,9,,2017-07-24T05:59:09,2017-07-24T18:30:31,0.03,"Rain, Partially cloudy",Partly cloudy throughout the day with afternoon rain.,rain,"43424099999,43421099999,43415099999,43422099999,remote"
Anuradhapura,2017-07-25,36.4,26.1,30.4,41.4,26.1,34,23.6,68.9,0.3,100,4.17,rain,0,0,37.8,18,221.2,1006.2,55.8,20,253.7,21.7,9,,2017-07-25T05:59:18,2017-07-25T18:30:23,0.06,"Rain, Partially cloudy",Partly cloudy throughout the day with late afternoon rain.,rain,"43424099999,43421099999,43415099999,43422099999,remote"
Anuradhapura,2017-07-26,36.8,26.3,30.4,41.7,26.3,34.2,23.3,67.5,0.7,100,8.33,rain,0,0,41.8,22,218.4,1006.4,51.7,20,248.7,21.6,8,,2017-07-26T05:59:27,2017-07-26T18:30:14,0.09,"Rain, Partially cloudy",Partly cloudy throughout the day with afternoon rain.,rain,"43424099999,43421099999,43415099999,43422099999,remote"
Anuradhapura,2017-07-27,34.9,25.7,29.3,40.4,25.7,32.6,23.7,73,2.4,100,8.33,rain,0,0,46.1,19.4,224,1007.7,66.7,20,260.9,22.7,9,,2017-07-27T05:59:36,2017-07-27T18:30:04,0.13,"Rain, Partially cloudy",Partly cloudy throughout the day with afternoon rain.,rain,"43424099999,43421099999,43415099999,43422099999,remote"
Anuradhapura,2017-07-28,33.8,26.1,29.2,38.8,26.1,32.6,23.4,72.1,0.005,100,4.17,rain,0,0,47.5,22.7,228.2,1008.6,65,20,242.2,21,9,,2017-07-28T05:59:44,2017-07-28T18:29:54,0.16,"Rain, Partially cloudy",Partly cloudy throughout the day with afternoon rain.,rain,"43424099999,43421099999,43415099999,43422099999,remote"
Anuradhapura,2017-07-29,34.3,25.1,28.6,40.1,25.1,31.8,23.9,76.4,2.887,100,4.17,rain,0,0,43.6,19.1,229.4,1009,85.1,20,220.2,19,9,,2017-07-29T05:59:52,2017-07-29T18:29:42,0.19,"Rain, Partially cloudy",Partly cloudy throughout the day with afternoon rain.,rain,"43424099999,43421099999,43415099999,43422099999,remote"
Anuradhapura,2017-07-30,32.9,25.2,28,38.9,25.2,30.5,23.4,76.8,2.498,100,8.33,rain,0,0,46.8,20.9,218.5,1008.5,80.3,20,210.4,18.1,7,,2017-07-30T06:00:00,2017-07-30T18:29:30,0.25,"Rain, Partially cloudy",Partly cloudy throughout the day with rain in the morning and afternoon.,rain,"43424099999,43421099999,43415099999,43422099999,remote"
Anuradhapura,2017-07-31,34,25.4,28.3,39.8,25.4,30.8,23.7,77.4,0.19,100,8.33,rain,0,0,45,21.6,220.8,1008.7,56.6,19.2,225.2,19.6,9,,2017-07-31T06:00:07,2017-07-31T18:29:18,0.26,"Rain, Partially cloudy",Partly cloudy throughout the day with afternoon rain.,rain,"43424099999,43421099999,43415099999,43422099999,remote"
Anuradhapura,2017-08-01,35.3,24.9,28.2,40,24.9,30.7,23.5,77,0.002,100,4.17,rain,0,0,43.9,20.5,222.5,1009,73.6,20,228.1,19.8,8,,2017-08-01T06:00:13,2017-08-01T18:29:04,0.29,"Rain, Partially cloudy",Partly cloudy throughout the day with afternoon rain.,rain,"43424099999,43421099999,43415099999,43422099999,remote"
Anuradhapura,2017-08-02,33.3,25.4,28.5,38.2,25.4,31.4,23.6,75.7,0.4,100,4.17,rain,0,0,51.1,23.8,229,1009.3,90.3,20,216.2,18.8,8,,2017-08-02T06:00:19,2017-08-02T18:28:50,0.32,"Rain, Overcast",Cloudy skies throughout the day with afternoon rain.,rain,"43424099999,43421099999,43415099999,43422099999,remote"
Anuradhapura,2017-08-03,32.9,25.8,28.8,37.5,25.8,31.6,23,72.3,0.2,100,8.33,rain,0,0,52.2,24.8,233.1,1008.8,88.9,20,226.8,19.5,8,,2017-08-03T06:00:25,2017-08-03T18:28:35,0.35,"Rain, Partially cloudy",Partly cloudy throughout the day with afternoon rain.,rain,"43424099999,43421099999,43415099999,43422099999,remote"
Anuradhapura,2017-08-04,33.5,26.4,29.1,38.9,26.4,32.5,23.4,72.2,0.3,100,4.17,rain,0,0,52.6,22.7,236.1,1006.8,83.1,20,245.1,21.1,8,,2017-08-04T06:00:30,2017-08-04T18:28:19,0.39,"Rain, Partially cloudy",Partly cloudy throughout the day with afternoon rain.,rain,"43424099999,43421099999,43415099999,43422099999,remote"
Anuradhapura,2017-08-05,33.4,26.3,29.1,38.5,26.3,33,23.8,73.7,0.4,100,8.33,rain,0,0,63,27,235.1,1005.9,89.3,20,245,21.4,8,,2017-08-05T06:00:35,2017-08-05T18:28:02,0.42,"Rain, Partially cloudy",Partly cloudy throughout the day with afternoon rain.,rain,"43424099999,43421099999,43415099999,43422099999,remote"
Anuradhapura,2017-08-06,32.6,25.6,28.4,38.6,25.6,31.7,23.8,76.6,0.8,100,20.83,rain,0,0,51.8,25.2,228.4,1005.9,96.7,20,184,15.9,7,,2017-08-06T06:00:39,2017-08-06T18:27:45,0.45,"Rain, Overcast",Cloudy skies throughout the day with rain in the morning and afternoon.,rain,"43424099999,43421099999,43415099999,43422099999,remote"
Anuradhapura,2017-08-07,34.3,26.1,28.7,38.6,26.1,31.7,23.6,74.6,1.7,100,16.67,rain,0,0,50.8,23,222.4,1006.2,84.8,20,206.2,17.6,7,,2017-08-07T06:00:43,2017-08-07T18:27:27,0.5,"Rain, Partially cloudy",Partly cloudy throughout the day with rain in the morning and afternoon.,rain,"43424099999,43421099999,43415099999,43422099999,remote"
Anuradhapura,2017-08-08,33.8,24.9,28.2,39.3,24.9,30.9,23.8,78.1,24.011,100,12.5,rain,0,0,41.4,20.2,221.1,1007.3,95,20,181.3,15.6,7,,2017-08-08T06:00:46,2017-08-08T18:27:08,0.52,"Rain, Overcast",Cloudy skies throughout the day with rain.,rain,"43424099999,43421099999,43415099999,43422099999,remote"
Anuradhapura,2017-08-09,34,25.3,28.1,40.1,25.3,30.9,23.7,78,2.926,100,16.67,rain,0,0,41.4,20.2,218.3,1007.5,92.9,20,181.8,15.5,7,,2017-08-09T06:00:49,2017-08-09T18:26:48,0.55,"Rain, Overcast",Cloudy skies throughout the day with a chance of rain throughout the day.,rain,"43424099999,43421099999,43415099999,43422099999,remote"
Anuradhapura,2017-08-10,33.7,24.8,28.2,39.9,24.8,30.6,23.5,76.8,15.178,100,8.33,rain,0,0,37.1,16.2,217.6,1008,87.3,20,228.4,19.5,8,,2017-08-10T06:00:52,2017-08-10T18:26:28,0.59,"Rain, Partially cloudy",Partly cloudy throughout the day with rain.,rain,"43424099999,43421099999,43415099999,43422099999,remote"
Anuradhapura,2017-08-11,33.8,24.9,28.3,39.9,24.9,30.7,23.8,78,3.8,100,33.33,rain,0,0,45.7,21.2,227.4,1008.8,83,20,206.4,17.9,8,,2017-08-11T06:00:54,2017-08-11T18:26:07,0.63,"Rain, Partially cloudy",Partly cloudy throughout the day with a chance of rain throughout the day.,rain,"43424099999,43421099999,43415099999,43422099999,remote"
Anuradhapura,2017-08-12,34.5,24.2,27.9,41.4,24.2,30.1,23.3,77.2,41.812,100,16.67,rain,0,0,36.7,16.2,225.1,1009.1,84.8,19,224.2,19.4,8,,2017-08-12T06:00:55,2017-08-12T18:25:45,0.66,"Rain, Partially cloudy",Partly cloudy throughout the day with rain.,rain,"43424099999,43421099999,43415099999,43422099999,remote"
Anuradhapura,2017-08-13,33.6,24.6,28.2,38.5,24.6,30.8,23.6,77.5,1.167,100,8.33,rain,0,0,34.6,15.1,222.2,1009.7,89.1,19.3,185.4,15.9,8,,2017-08-13T06:00:56,2017-08-13T18:25:23,0.7,"Rain, Partially cloudy",Partly cloudy throughout the day with late afternoon rain.,rain,"43424099999,43421099999,43415099999,43422099999,remote"
Anuradhapura,2017-08-14,32.3,24.2,27.1,38.4,24.2,28.6,23.8,83.3,10.345,100,20.83,rain,0,0,34.9,16.2,223,1010.8,99.3,19.5,195.1,16.7,8,,2017-08-14T06:00:57,2017-08-14T18:25:00,0.73,"Rain, Overcast",Cloudy skies throughout the day with a chance of rain throughout the day.,rain,"43424099999,43421099999,43415099999,43422099999,remote"
Anuradhapura,2017-08-15,32.5,24.9,28,36.6,24.9,29.9,22.9,75.3,0.043,100,4.17,rain,0,0,43.2,19.4,229.6,1010.2,97.2,20,230.9,20,9,,2017-08-15T06:00:57,2017-08-15T18:24:37,0.75,"Rain, Overcast",Cloudy skies throughout the day with morning rain.,rain,"43424099999,43421099999,43415099999,43422099999,remote"
Anuradhapura,2017-08-16,32.9,24.3,27.9,36.2,24.3,29.5,22.3,72.9,0,0,0,,0,0,48.6,22,228.6,1009.1,61,20,267.1,23,9,,2017-08-16T06:00:57,2017-08-16T18:24:12,0.8,Partially cloudy,Clearing in the afternoon.,partly-cloudy-day,"43424099999,43421099999,43415099999,43422099999,remote"
Anuradhapura,2017-08-17,32.4,24.8,28,36.2,24.8,29.8,22.7,74,0.004,100,8.33,rain,0,0,61.2,26.6,228.8,1007.3,49.9,20,261.1,22.6,9,,2017-08-17T06:00:57,2017-08-17T18:23:48,0.84,"Rain, Partially cloudy",Partly cloudy throughout the day with rain in the morning and afternoon.,rain,"43424099999,43421099999,43415099999,43422099999,remote"
Anuradhapura,2017-08-18,31.3,25.1,27.4,36,25.1,29.6,23.8,81.2,0.027,100,4.17,rain,0,0,55.4,25.2,225.1,1006.5,82.2,20,168.3,14.5,6,,2017-08-18T06:00:56,2017-08-18T18:23:22,0.88,"Rain, Partially cloudy",Partly cloudy throughout the day with afternoon rain.,rain,"43424099999,43421099999,43415099999,43422099999,remote"
Anuradhapura,2017-08-19,31.3,25.4,28,36.5,25.4,30.3,23.3,76.5,1.8,100,37.5,rain,0,0,65.2,27.4,231.8,1006.8,89.8,20,198.7,17,8,,2017-08-19T06:00:54,2017-08-19T18:22:56,0.91,"Rain, Partially cloudy",Partly cloudy throughout the day with a chance of rain throughout the day.,rain,"43424099999,43421099999,43415099999,43422099999,remote"
Anuradhapura,2017-08-20,32.1,25.4,28.2,37.3,25.4,30.8,23.3,75.6,0.001,100,4.17,rain,0,0,63.4,28.8,233.8,1007,56.7,20,248.2,21.4,9,,2017-08-20T06:00:53,2017-08-20T18:22:30,0.95,"Rain, Partially cloudy",Partly cloudy throughout the day with morning rain.,rain,"43424099999,43421099999,43415099999,43422099999,remote"
Anuradhapura,2017-08-21,32.3,25.3,28.6,38.4,25.3,31.6,23.2,73.2,0.043,100,4.17,rain,0,0,58.3,27,236.1,1006.5,71.2,20,230.6,19.8,9,,2017-08-21T06:00:50,2017-08-21T18:22:02,0.98,"Rain, Partially cloudy",Partly cloudy throughout the day with morning rain.,rain,"43424099999,43421099999,43415099999,43422099999,remote"
Anuradhapura,2017-08-22,32.2,26,28.4,36.6,26,30.9,23,73.8,0,0,0,,0,0,54.7,25.6,231.4,1006.6,87,20,168,14.7,8,,2017-08-22T06:00:48,2017-08-22T18:21:35,0,Partially cloudy,Partly cloudy throughout the day.,partly-cloudy-day,"43424099999,43421099999,43415099999,43422099999,remote"
Anuradhapura,2017-08-23,32.9,25,28,38.8,25,30.3,23.7,78.7,27.912,100,4.17,rain,0,0,41.8,19.4,224.5,1007.1,86,20,203.9,17.7,8,,2017-08-23T06:00:45,2017-08-23T18:21:07,0.05,"Rain, Partially cloudy",Partly cloudy throughout the day with afternoon rain.,rain,"43424099999,43421099999,43415099999,43422099999,remote"
Anuradhapura,2017-08-24,32.6,25.3,28.3,39.6,25.3,31.2,23.9,78,0.053,100,8.33,rain,0,0,40.3,19.1,217.7,1007,93.1,20,222.6,19.1,9,,2017-08-24T06:00:42,2017-08-24T18:20:38,0.08,"Rain, Overcast",Cloudy skies throughout the day with afternoon rain.,rain,"43424099999,43421099999,43415099999,43422099999,remote"
Anuradhapura,2017-08-25,33.8,25.6,29,39.2,25.6,32.1,23.8,75.1,0.2,100,4.17,rain,0,0,43.2,19.4,220,1006.4,78.3,21,238.7,20.6,9,,2017-08-25T06:00:38,2017-08-25T18:20:09,0.11,"Rain, Partially cloudy",Partly cloudy throughout the day with afternoon rain.,rain,"43424099999,43421099999,43415099999,43422099999,remote"
Anuradhapura,2017-08-26,33.3,25.7,28.9,37.1,25.7,31.3,23.1,72.6,0,0,0,,0,0,54.4,24.1,225.8,1005.5,43.8,22,289.9,25,10,,2017-08-26T06:00:34,2017-08-26T18:19:39,0.14,Partially cloudy,Clearing in the afternoon.,partly-cloudy-day,"43424099999,43421099999,43415099999,43422099999,remote"
Anuradhapura,2017-08-27,31.9,26.3,28.7,35.6,26.3,30.8,23,72.9,0.3,100,4.17,rain,0,0,65.2,29.5,233.8,1005.5,54.9,20,276.9,23.9,9,,2017-08-27T06:00:30,2017-08-27T18:19:09,0.18,"Rain, Partially cloudy",Partly cloudy throughout the day with afternoon rain.,rain,"43424099999,43421099999,43415099999,43422099999,remote"
Anuradhapura,2017-08-28,32,25.2,28,36.3,25.2,30.4,23.3,76.8,0.6,100,20.83,rain,0,0,66.2,29.5,233.2,1005.4,91.1,20,240.9,20.7,9,,2017-08-28T06:00:25,2017-08-28T18:18:39,0.21,"Rain, Overcast",Cloudy skies throughout the day with rain.,rain,"43424099999,43421099999,43415099999,43422099999,remote"
Anuradhapura,2017-08-29,32.6,25.6,28.3,36.7,25.6,30.5,23.2,74.9,0.979,100,4.17,rain,0,0,62.3,29.2,234.3,1006.5,62.2,20,223.5,19.2,9,,2017-08-29T06:00:21,2017-08-29T18:18:08,0.25,"Rain, Partially cloudy",Partly cloudy throughout the day with morning rain.,rain,"43424099999,43421099999,43415099999,43422099999,remote"
Anuradhapura,2017-08-30,34,25.5,29,38.8,25.5,31.9,23.2,72.6,0.3,100,4.17,rain,0,0,42.1,19.8,231,1007.5,67.7,20,235.5,20.3,9,,2017-08-30T06:00:15,2017-08-30T18:17:36,0.27,"Rain, Partially cloudy",Partly cloudy throughout the day with afternoon rain.,rain,"43424099999,43421099999,43415099999,43422099999,remote"
Anuradhapura,2017-08-31,34.4,24.4,28.5,42.2,24.4,31.6,24.1,78.7,22.109,100,12.5,rain,0,0,36.4,19.1,220,1008.3,89.9,19.9,236.4,20.3,9,,2017-08-31T06:00:10,2017-08-31T18:17:05,0.31,"Rain, Partially cloudy",Partly cloudy throughout the day with rain.,rain,"43424099999,43421099999,43415099999,43422099999,remote"
Anuradhapura,2017-09-01,34.4,23.9,27.1,42.7,23.9,29.3,24.3,86.2,17.345,100,12.5,rain,0,0,29.2,9.7,220.9,1008.8,73.2,19.8,213.8,18.5,7,,2017-09-01T06:00:04,2017-09-01T18:16:33,0.34,"Rain, Partially cloudy",Partly cloudy throughout the day with rain.,rain,"43424099999,43421099999,43415099999,43422099999,remote"
